name,Region,Last Update,Confirmed,Deaths,Recovered
Hubei,Mainland China,2020-03-11 01:30:00,67773,3046,49056
Guangdong,Mainland China,2020-03-11 02:00:00,1353,8,1282
Henan,Mainland China,2020-03-10 01:00:00,1272,22,1249
Zhejiang,Mainland China,2020-03-11 03:00:00,1215,1,1193
Hunan,Mainland China,2020-03-11 01:00:00,1018,4,995
Anhui,Mainland China,2020-03-09 01:00:00,990,6,984
Jiangxi,Mainland China,2020-03-11 03:00:00,935,1,932
Shandong,Mainland China,2020-03-11 03:00:00,759,6,721
Jiangsu,Mainland China,2020-03-11 01:00:00,631,0,627
Chongqing,Mainland China,2020-03-11 01:00:00,576,6,547
Sichuan,Mainland China,2020-03-11 01:00:00,539,3,484
Heilongjiang,Mainland China,2020-03-11 00:30:00,482,13,435
Beijing,Mainland China,2020-03-11 01:00:00,435,8,326
Shanghai,Mainland China,2020-03-10 14:00:00,344,3,319
Hebei,Mainland China,2020-03-10 02:00:00,318,6,307
Fujian,Mainland China,2020-03-09 01:00:00,296,1,295
Guangxi,Mainland China,2020-03-11 01:00:00,252,2,237
Shaanxi,Mainland China,2020-03-10 02:00:00,245,1,227
Yunnan,Mainland China,2020-03-09 01:00:00,174,2,170
Hainan,Mainland China,2020-03-09 01:00:00,168,6,159
Guizhou,Mainland China,2020-03-11 03:00:00,146,2,133
Tianjin,Mainland China,2020-03-11 01:00:00,136,3,131
Shanxi,Mainland China,2020-03-11 01:00:00,133,0,131
Liaoning,Mainland China,2020-03-11 01:00:00,125,1,111
Gansu,Mainland China,2020-03-10 15:00:00,125,2,88
Hong Kong,Hong Kong,2020-03-11 03:00:00,120,3,65
Jilin,Mainland China,2020-03-10 02:00:00,93,1,91
Xinjiang Uygur,Mainland China,2020-03-09 01:00:00,76,3,73
Nei Mongol,Mainland China,2020-03-10 02:00:00,75,1,70
Ningxia,Mainland China,2020-03-09 01:00:00,75,0,71
Taiwan,Taiwan,2020-03-11 01:00:00,47,1,17
Qinghai,Mainland China,2020-03-07 01:00:00,18,0,18
Macau,Macau,2020-03-07 01:00:00,10,0,10
Xizang,Mainland China,2020-02-12 07:00:00,1,0,1
Saint Barthelemy,Saint Barthelemy,2020-03-09 11:00:00,3,0,0
Faroe Islands,Faroe Islands,2020-03-08 06:00:00,2,0,0
Gibraltar,Gibraltar,2020-03-10 09:00:00,1,0,1
Saint Martin,Saint Martin,2020-03-10 06:00:00,2,0,0
Italy,Italy,2020-03-10 18:00:00,10149,631,1004
Iran,Iran,2020-03-10 13:00:00,8042,291,2731
South Korea,South Korea,2020-03-10 02:00:00,7513,54,247
Spain,Spain,2020-03-10 23:30:00,1695,35,32
France,France,2020-03-10,1784,33,12
Germany,Germany,2020-03-11 01:30:00,1602,2,16
Others,Japan (Diamond Princess),2020-03-03 03:00:00,706,6,10
Japan,Japan,2020-03-10 17:00:00,581,10,101
Switzerland,Switzerland,2020-03-10 23:30:00,491,3,3
Norway,Norway,2020-03-10 23:30:00,400,0,1
Netherlands,Netherlands,2020-03-10 15:45:00,382,4,1
United Kingdom,United Kingdom,2020-03-10 23:30:00,382,6,18
Sweden,Sweden,2020-03-10 23:30:00,355,0,1
Belgium,Belgium,2020-03-10 13:00:00,267,0,1
Denmark,Denmark,2020-03-10 18:00:00,262,0,1
Austria,Austria,2020-03-10 17:00:00,182,0,2
Singapore,Singapore,2020-03-10 06:00:00,160,0,78
Malaysia,Malaysia,2020-03-10 17:00:00,129,0,24
Bahrain,Bahrain,2020-03-10 23:00:00,110,0,14
Australia,Australia,2020-03-10 15:45:00,107,3,22
Greece,Greece,2020-03-10 12:00:00,89,0,0
Canada,Canada,2020-03-11 03:00:00,97,1,8
United Arab Emirates,United Arab Emirates,2020-03-10 13:00:00,74,0,7
Iraq,Iraq,2020-03-10 06:00:00,71,7,3
Kuwait,Kuwait,2020-03-10 13:00:00,69,0,1
Iceland,Iceland,2020-03-10 13:45:00,69,0,1
Egypt,Egypt,2020-03-10 06:00:00,59,1,1
Israel,Israel,2020-03-10 13:00:00,58,0,4
India,India,2020-03-10 13:00:00,56,0,4
Thailand,Thailand,2020-03-10 10:00:00,53,1,33
San Marino,San Marino,2020-03-10 02:00:00,51,2,0
Portugal,Portugal,2020-03-10 13:00:00,41,0,0
Czech Republic,Czech Republic,2020-03-10 17:00:00,41,0,0
Lebanon,Lebanon,2020-03-10 11:00:00,41,1,1
Finland,Finland,2020-03-10 13:00:00,40,0,1
Vietnam,Vietnam,2020-03-10 17:00:00,34,0,16
Philippines,Philippines,2020-03-10 10:00:00,33,1,2
Brazil,Brazil,2020-03-10 10:00:00,30,0,0
Slovenia,Slovenia,2020-03-10 17:00:00,31,0,0
Indonesia,Indonesia,2020-03-10 13:00:00,27,0,0
Romania,Romania,2020-03-10 18:00:00,25,0,0
Palestine,Palestine,2020-03-10 02:00:00,25,0,0
Ireland,Ireland,2020-03-10 20:00:00,34,0,0
Qatar,Qatar,2020-03-10 18:00:00,24,0,0
Saudi Arabia,Saudi Arabia,2020-03-10 02:00:00,20,0,1
Russia,Russia,2020-03-10 02:00:00,20,0,3
Algeria,Algeria,2020-03-09 11:00:00,20,0,0
Poland,Poland,2020-03-10 21:00:00,22,0,0
Oman,Oman,2020-03-10 09:00:00,18,0,9
Argentina,Argentina,2020-03-10 02:00:00,17,1,0
Chile,Chile,2020-03-10 15:30:00,17,0,0
Pakistan,Pakistan,2020-03-10 06:00:00,16,0,1
Georgia (country),Georgia,2020-03-10 02:00:00,15,0,0
Ecuador,Ecuador,2020-03-10 10:00:00,15,0,0
Croatia,Croatia,2020-03-10 18:00:00,14,0,0
Estonia,Estonia,2020-03-10 13:00:00,12,0,0
Azerbaijan,Azerbaijan,2020-03-10 18:00:00,11,0,0
Peru,Peru,2020-03-10 18:30:00,11,0,0
Albania,Albania,2020-03-10 13:00:00,10,0,0
Costa Rica,Costa Rica,2020-03-10 10:00:00,9,0,0
Hungary,Hungary,2020-03-10 02:00:00,9,0,0
Belarus,Belarus,2020-03-10 18:00:00,9,0,0
Latvia,Latvia,2020-03-10 13:00:00,8,0,0
North Macedonia,North Macedonia,2020-03-10 13:00:00,7,0,0
Slovakia,Slovakia,2020-03-10 02:00:00,7,0,0
Mexico,Mexico,2020-03-10 06:00:00,7,0,4
South Africa,South Africa,2020-03-10 02:00:00,7,0,0
Maldives,Maldives,2020-03-10 02:00:00,6,0,0
Bosnia and Herzegovina,Bosnia and Herzegovina,2020-03-10 10:00:00,5,0,0
New Zealand,New Zealand,2020-03-07 15:00:00,5,0,0
Afghanistan,Afghanistan,2020-03-10 13:00:00,5,0,0
Dominican Republic,Dominican Republic,2020-03-08 20:30:00,5,0,0
Luxembourg,Luxembourg,2020-03-10 02:00:00,5,0,0
Tunisia,Tunisia,2020-03-10 02:00:00,5,0,0
Malta,Malta,2020-03-10 18:00:00,5,0,0
Bulgaria,Bulgaria,2020-03-08 13:00:00,4,0,0
Senegal,Senegal,2020-03-08 21:00:00,4,0,1
Serbia,Serbia,2020-03-10 19:00:00,5,0,0
Bangladesh,Bangladesh,2020-03-08 13:00:00,3,0,0
Moldova,Moldova,2020-03-10 18:00:00,3,0,0
Morocco,Morocco,2020-03-10 15:00:00,3,1,0
Colombia,Colombia,2020-03-10 10:00:00,3,0,0
Cyprus,Cyprus,2020-03-10 14:00:00,3,0,0
Cambodia,Cambodia,2020-03-10 10:00:00,2,0,1
Cameroon,Cameroon,2020-03-08 13:00:00,2,0,0
Nigeria,Nigeria,2020-03-10 02:00:00,2,0,0
Nepal,Nepal,2020-02-12 14:43:03,1,0,1
Sri Lanka,Sri Lanka,2020-02-08 03:43:03,1,0,1
Lithuania,Lithuania,2020-03-11 03:00:00,3,0,0
Monaco,Monaco,2020-02-28 23:30:00,1,0,0
Armenia,Armenia,2020-03-01 19:00:00,1,0,0
Andorra,Andorra,2020-03-02 12:00:00,1,0,0
Jordan,Jordan,2020-03-02 13:22:00,1,0,0
Ukraine,Ukraine,2020-03-03 10:00:00,1,0,0
Liechtenstein,Liechtenstein,2020-03-03 22:00:00,1,0,0
Bhutan,Bhutan,2020-03-06 11:00:00,1,0,0
Togo,Togo,2020-03-06 16:30:00,1,0,0
Vatican City,Vatican City,2020-03-06 16:30:00,1,0,0
Paraguay,Paraguay,2020-03-07 23:00:00,1,0,0
Brunei,Brunei,2020-03-09 20:00:00,1,0,0
Panama,Panama,2020-03-10 02:00:00,1,0,0
Mongolia,Mongolia,2020-03-10 02:00:00,1,0,0
Burkina Faso,Burkina Faso,2020-03-10 06:00:00,2,0,0
Turkey,Turkey,2020-03-10 22:00:00,1,0,0
Bolivia,Bolivia,2020-03-11 03:00:00,2,0,0
Martinique,Martinique,2020-03-11 02:00:00,3,0,0
French Guiana,French Guiana,2020-03-07 04:00:00,5,0,0
Diamond Princess,USA,2020-03-02 17:00:00,46,0,0
Wuhan Evacuee,USA,2020-03-02 17:00:00,3,0,0
Grand Princess,USA,2020-03-07 01:00:00,21,0,0
Washington,USA,2020-03-10 23:00:00,272,24,1
New York,USA,2020-03-10 23:00:00,173,0,0
California,USA,2020-03-10 23:00:00,157,2,2
Massachusetts,USA,2020-03-10 23:00:00,92,0,1
Illinois,USA,2020-03-10 23:00:00,19,0,2
Georgia,USA,2020-03-10 03:45:00,17,0,0
Texas,USA,2020-03-10 23:00:00,17,0,0
Oregon,USA,2020-03-10 23:00:00,15,0,0
Florida,USA,2020-03-10 14:00:00,15,2,0
New Jersey,USA,2020-03-10 18:00:00,15,1,0
Colorado,USA,2020-03-10 18:00:00,15,0,0
Iowa,USA,2020-03-10 23:30:00,13,0,0
Pennsylvania,USA,2020-03-10 18:00:00,12,0,0
Maryland,USA,2020-03-10 23:00:00,9,0,0
South Carolina,USA,2020-03-10 23:00:00,9,0,0
Kentucky,USA,2020-03-10 23:00:00,8,0,0
Virginia,USA,2020-03-10 18:00:00,8,0,0
North Carolina,USA,2020-03-10 02:00:00,7,0,0
Tennessee,USA,2020-03-10 23:00:00,7,0,0
Arizona,USA,2020-03-07 18:30:00,6,0,1
Indiana,USA,2020-03-10 15:40:00,6,0,0
South Dakota,USA,2020-03-10 23:00:00,5,1,0
Rhode Island,USA,2020-03-10 23:00:00,5,0,0
New Hampshire,USA,2020-03-10 23:00:00,5,0,0
District of Columbia,USA,2020-03-10 03:45:00,5,0,0
Nevada,USA,2020-03-08 22:30:00,4,0,0
Wisconsin,USA,2020-02-10 17:00:00,3,0,1
Minnesota,USA,2020-03-10 23:00:00,3,0,0
Nebraska,USA,2020-03-09 01:00:00,3,0,0
Louisiana,USA,2020-03-10 23:30:00,3,0,0
Ohio,USA,2020-03-09 19:00:00,3,0,0
Oklahoma,USA,2020-03-10 17:00:00,2,0,0
Hawaii,USA,2020-03-09 11:30:00,2,0,0
Utah,USA,2020-03-10 14:30:00,2,0,0
Michigan,USA,2020-03-11 03:00:00,2,0,0
Connecticut,USA,2020-03-10 02:00:00,2,0,0
Kansas,USA,2020-03-08 01:00:00,1,0,0
Missouri,USA,2020-03-08 02:30:00,1,0,0
Vermont,USA,2020-03-08 13:00:00,1,0,0
