name,Region,Last Update,Confirmed,Deaths,Recovered
Hubei,Mainland China,2020-03-26 02:00:00,67801,3169,61201
Guangdong,Mainland China,2020-03-26 10:00:00,1448,8,1336
Henan,Mainland China,2020-03-26 03:00:00,1275,22,1250
Zhejiang,Mainland China,2020-03-26 03:00:00,1243,1,1222
Hunan,Mainland China,2020-03-22 18:00:00,1018,4,1014
Anhui,Mainland China,2020-03-09 01:00:00,990,6,984
Jiangxi,Mainland China,2020-03-22 18:00:00,936,1,934
Shandong,Mainland China,2020-03-26 08:00:00,771,7,752
Jiangsu,Mainland China,2020-03-26 02:00:00,640,0,631
Chongqing,Mainland China,2020-03-24 00:00:00,578,6,570
Sichuan,Mainland China,2020-03-25 07:00:00,547,3,536
Beijing,Mainland China,2020-03-26 07:00:00,566,8,406
Heilongjiang,Mainland China,2020-03-26 01:00:00,484,13,469
Shanghai,Mainland China,2020-03-26 08:00:00,451,5,331
Hebei,Mainland China,2020-03-22 18:00:00,319,6,310
Hong Kong,Hong Kong,2020-03-26 11:00:00,453,4,110
Fujian,Mainland China,2020-03-26 02:00:00,328,1,295
Guangxi,Mainland China,2020-03-22 18:00:00,254,2,250
Shaanxi,Mainland China,2020-03-26 03:00:00,253,3,242
Yunnan,Mainland China,2020-03-26 00:00:00,178,2,172
Taiwan,Taiwan,2020-03-26 08:00:00,252,2,29
Hainan,Mainland China,2020-03-24 05:00:00,168,6,162
Guizhou,Mainland China,2020-03-17 02:00:00,146,2,144
Tianjin,Mainland China,2020-03-26 05:00:00,151,3,133
Gansu,Mainland China,2020-03-26 00:00:00,136,2,121
Shanxi,Mainland China,2020-03-26 00:00:00,135,0,133
Liaoning,Mainland China,2020-03-26 06:00:00,128,2,124
Jilin,Mainland China,2020-03-26 00:00:00,95,1,92
Xinjiang Uygur,Mainland China,2020-03-09 01:00:00,76,3,73
Nei Mongol,Mainland China,2020-03-26 03:00:00,89,1,74
Ningxia,Mainland China,2020-03-17 02:00:00,75,0,75
Macau,Macau,2020-03-26 04:00:00,31,0,10
Qinghai,Mainland China,2020-03-07 01:00:00,18,0,18
Xizang,Mainland China,2020-02-12 07:00:00,1,0,1
Republic of the Congo,Republic of the Congo,2020-03-26 22:00:00,4,0,0
Angola,Angola,2020-03-26 22:00:00,4,0,0
Benin,Benin,2020-03-26 17:00:00,6,0,0
Bahamas,Bahamas,2020-03-27 01:00:00,9,0,1
Belize,Belize,2020-03-26 17:00:00,2,0,0
Barbados,Barbados,2020-03-27 01:00:00,24,0,0
Central African Republic,Central African Republic,2020-03-26 17:00:00,3,0,0
Cabo Verde,Cabo Verde,2020-03-27 01:00:00,5,1,0
Djibouti,Djibouti,2020-03-26 17:00:00,11,0,0
Dominica,Dominica,2020-03-26 17:00:00,11,0,0
Eritrea,Eritrea,2020-03-27 01:00:00,6,0,0
Fiji,Fiji,2020-03-26 17:00:00,5,0,0
Gambia,Gambia,2020-03-26 17:00:00,3,1,0
Guinea-Bissau,Guinea-Bissau,2020-03-26 17:00:00,2,0,0
Equatorial Guinea,Equatorial Guinea,2020-03-26 22:00:00,12,0,0
Grenada,Grenada,2020-03-27 01:00:00,7,0,0
Haiti,Haiti,2020-03-26 17:00:00,8,0,0
Kyrgyzstan,Kyrgyzstan,2020-03-26 17:00:00,44,0,0
Saint Kitts and Nevis,Saint Kitts and Nevis,2020-03-26 17:00:00,2,0,0
Laos,Laos,2020-03-26 17:00:00,6,0,0
Liberia,Liberia,2020-03-26 17:00:00,3,0,0
Libya,Libya,2020-03-26 17:00:00,1,0,0
Madagascar,Madagascar,2020-03-26 17:00:00,23,0,0
Mali,Mali,2020-03-26 22:00:00,4,0,0
Montenegro,Montenegro,2020-03-26 22:00:00,69,1,0
Mozambique,Mozambique,2020-03-26 22:00:00,7,0,0
Mauritius,Mauritius,2020-03-26 17:00:00,81,2,0
Niger,Niger,2020-03-27 01:00:00,10,1,0
Nicaragua,Nicaragua,2020-03-26 17:00:00,2,0,0
Papua New Guinea,Papua New Guinea,2020-03-26 17:00:00,1,0,0
El Salvador,El Salvador,2020-03-26 17:00:00,13,0,0
Somalia,Somalia,2020-03-26 17:00:00,2,0,0
Kosovo,Kosovo,2020-03-26 17:00:00,71,1,0
Syria,Syria,2020-03-26 17:00:00,5,0,0
Chad,Chad,2020-03-26 17:00:00,3,0,0
Timor-Leste,Timor-Leste,2020-03-26 17:00:00,1,0,0
Tanzania,Tanzania,2020-03-26 17:00:00,13,0,0
Uganda,Uganda,2020-03-26 17:00:00,14,0,0
Zambia,Zambia,2020-03-26 17:00:00,16,0,0
Zimbabwe,Zimbabwe,2020-03-26 17:00:00,3,1,0
Italy,Italy,2020-03-26 22:00:00,80589,8215,10361
Spain,Spain,2020-03-27 01:00:00,57786,4365,7015
Iran,Iran,2020-03-26 14:00:00,29406,2234,10457
France,France,2020-03-26,29155,1696,4948
South Korea,South Korea,2020-03-26 16:00:00,9241,131,4144
Switzerland,Switzerland,2020-03-26 22:00:00,11811,191,131
United Kingdom,United Kingdom,2020-03-26 22:00:00,11658,578,135
Netherlands,Netherlands,2020-03-26 16:00:00,7459,435,6
Austria,Austria,2020-03-27 01:00:00,6909,49,112
Belgium,Belgium,2020-03-26 16:00:00,6235,220,675
Norway,Norway,2020-03-27 01:00:00,3369,14,6
Portugal,Portugal,2020-03-26 16:00:00,3544,60,43
Sweden,Sweden,2020-03-26 17:00:00,2840,71,16
Australia,Australia,2020-03-26 16:00:00,2810,13,172
Denmark,Denmark,2020-03-26 16:00:00,1997,41,50
Malaysia,Malaysia,2020-03-26 16:00:00,2031,23,215
Israel,Israel,2020-03-26 22:00:00,2693,8,68
Turkey,Turkey,2020-03-26 22:00:00,3629,75,26
Czech Republic,Czech Republic,2020-03-26 22:00:00,1925,9,10
Japan,Japan,2020-03-26 17:00:00,1399,47,359
Ireland,Ireland,2020-03-26 22:00:00,1819,19,5
Pakistan,Pakistan,2020-03-27 01:00:00,1201,9,21
Luxembourg,Luxembourg,2020-03-26 22:00:00,1453,9,6
Ecuador,Ecuador,2020-03-27 01:00:00,1403,34,3
Thailand,Thailand,2020-03-26 16:00:00,1045,4,88
Finland,Finland,2020-03-26 16:00:00,958,5,10
Others,Japan (Diamond Princess),2020-03-03 03:00:00,706,6,10
Poland,Poland,2020-03-26 22:00:00,1221,16,7
Iceland,Iceland,2020-03-26 16:00:00,802,2,68
Indonesia,Indonesia,2020-03-26 16:00:00,893,78,35
Romania,Romania,2020-03-26 16:00:00,1029,18,94
Saudi Arabia,Saudi Arabia,2020-03-26 16:00:00,1012,3,33
Singapore,Singapore,2020-03-26 16:00:00,683,2,172
Qatar,Qatar,2020-03-26 22:00:00,549,0,43
Philippines,Philippines,2020-03-26 16:00:00,707,45,28
Slovenia,Slovenia,2020-03-26 17:00:00,577,6,10
Russia,Russia,2020-03-26 16:00:00,840,3,38
South Africa,South Africa,2020-03-26 17:00:00,927,0,12
Estonia,Estonia,2020-03-26 16:00:00,538,1,8
Bahrain,Bahrain,2020-03-26 22:00:00,458,4,204
Egypt,Egypt,2020-03-26 22:00:00,495,24,102
Mexico,Mexico,2020-03-26 16:00:00,475,6,4
Croatia,Croatia,2020-03-26 17:00:00,495,2,22
Panama,Panama,2020-03-27 01:00:00,674,9,2
Lebanon,Lebanon,2020-03-26 17:00:00,368,6,23
Iraq,Iraq,2020-03-26 16:00:00,382,36,105
Serbia,Serbia,2020-03-27 01:00:00,457,1,0
Dominican Republic,Dominican Republic,2020-03-26 22:00:00,488,10,3
Algeria,Algeria,2020-03-26 22:00:00,367,25,29
Armenia,Armenia,2020-03-26 16:00:00,290,1,18
Kuwait,Kuwait,2020-03-26 16:00:00,208,0,49
Bulgaria,Bulgaria,2020-03-26 17:00:00,264,3,8
Slovakia,Slovakia,2020-03-26 16:00:00,226,0,2
San Marino,San Marino,2020-03-26 01:00:00,208,21,4
United Arab Emirates,United Arab Emirates,2020-03-25 14:00:00,333,2,52
Latvia,Latvia,2020-03-26 16:00:00,244,0,1
Uruguay,Uruguay,2020-03-27 01:00:00,238,0,0
Hungary,Hungary,2020-03-26 16:00:00,261,10,28
Lithuania,Lithuania,2020-03-26 22:00:00,299,4,1
Costa Rica,Costa Rica,2020-03-26 22:00:00,231,2,2
North Macedonia,North Macedonia,2020-03-26 16:00:00,201,3,3
Vietnam,Vietnam,2020-03-26 16:00:00,153,0,20
Andorra,Andorra,2020-03-26 16:00:00,224,3,1
Morocco,Morocco,2020-03-26 22:00:00,275,10,8
Jordan,Jordan,2020-03-26 22:00:00,212,0,1
Cyprus,Cyprus,2020-03-26 22:00:00,146,3,4
Moldova,Moldova,2020-03-26 17:00:00,177,1,2
Bosnia and Herzegovina,Bosnia and Herzegovina,2020-03-27 01:00:00,191,3,2
Malta,Malta,2020-03-26 16:00:00,134,0,2
Albania,Albania,2020-03-26 16:00:00,174,6,17
Brunei,Brunei,2020-03-26 16:00:00,114,0,5
Cambodia,Cambodia,2020-03-25 18:00:00,96,0,10
Sri Lanka,Sri Lanka,2020-03-26 22:00:00,106,0,7
Belarus,Belarus,2020-03-25 11:00:00,86,0,29
Tunisia,Tunisia,2020-03-26 16:00:00,200,6,2
Burkina Faso,Burkina Faso,2020-03-26 17:00:00,152,4,10
Venezuela,Venezuela,2020-03-27 01:00:00,107,0,15
New Zealand,New Zealand,2020-03-27 01:00:00,368,0,37
Azerbaijan,Azerbaijan,2020-03-26 16:00:00,122,3,15
Kazakhstan,Kazakhstan,2020-03-26 17:00:00,111,1,2
Senegal,Senegal,2020-03-26 16:00:00,105,0,9
Guadeloupe,Guadeloupe,2020-03-22 18:00:00,56,0,0
Oman,Oman,2020-03-26 16:00:00,109,0,23
Georgia (country),Georgia,2020-03-26 17:00:00,79,0,10
Trinidad and Tobago,Trinidad and Tobago,2020-03-26 22:00:00,65,1,0
Ukraine,Ukraine,2020-03-26 22:00:00,196,5,1
Reunion,Reunion,2020-03-22 18:00:00,47,0,0
Uzbekistan,Uzbekistan,2020-03-26 22:00:00,75,0,0
Cameroon,Cameroon,2020-03-26 01:00:00,75,1,2
Martinique,Martinique,2020-03-22 18:00:00,37,1,0
Liechtenstein,Liechtenstein,2020-03-26 22:00:00,56,0,0
Afghanistan,Afghanistan,2020-03-26 22:00:00,94,4,2
Palestine,Palestine,2020-03-26 22:00:00,84,1,17
Democratic Republic of the Congo,Democratic Republic of the Congo,2020-03-26 22:00:00,51,3,0
Bangladesh,Bangladesh,2020-03-26 16:00:00,44,5,11
Nigeria,Nigeria,2020-03-26 22:00:00,65,1,2
Honduras,Honduras,2020-03-27 01:00:00,67,1,0
Bolivia,Bolivia,2020-03-27 01:00:00,61,0,0
Paraguay,Paraguay,2020-03-26 16:00:00,41,3,0
Cuba,Cuba,2020-03-26 17:00:00,67,1,1
Ghana,Ghana,2020-03-26 16:00:00,132,4,1
French Guiana,French Guiana,2020-03-22 18:00:00,18,0,6
Rwanda,Rwanda,2020-03-27 01:00:00,50,0,0
Guatemala,Guatemala,2020-03-27 01:00:00,25,1,4
Jamaica,Jamaica,2020-03-26 01:00:00,26,1,2
Togo,Togo,2020-03-27 01:00:00,24,0,1
Kenya,Kenya,2020-03-26 16:00:00,31,0,1
Cote d'Ivoire,Cote d'Ivoire,2020-03-26 22:00:00,96,0,3
Maldives,Maldives,2020-03-25 14:00:00,13,0,8
Monaco,Monaco,2020-03-26 22:00:00,33,0,1
Ethiopia,Ethiopia,2020-03-24 11:00:00,12,0,0
Mongolia,Mongolia,2020-03-26 16:00:00,11,0,0
Guyana,Guyana,2020-03-25 00:00:00,7,1,0
Seychelles,Seychelles,2020-03-21 02:00:00,7,0,0
Suriname,Suriname,2020-03-25 18:00:00,8,0,0
Gabon,Gabon,2020-03-26 16:00:00,7,1,0
French Polynesia,French Polynesia,2020-03-14 17:00:00,3,0,0
Namibia,Namibia,2020-03-26 22:00:00,8,0,2
Bhutan,Bhutan,2020-03-21 02:00:00,2,0,0
Saint Lucia,Saint Lucia,2020-03-24 11:00:00,3,0,0
Sudan,Sudan,2020-03-24 14:00:00,3,1,0
Nepal,Nepal,2020-03-25 11:00:00,3,0,1
Guinea,Guinea,2020-03-24 11:00:00,4,0,0
Aruba,Aruba,2020-03-14 01:00:00,2,0,0
Jersey,Jersey,2020-03-14 18:00:00,2,0,0
Mauritania,Mauritania,2020-03-26 16:00:00,3,0,0
Antigua and Barbuda,Antigua and Barbuda,2020-03-27 01:00:00,7,0,0
Saint Vincent and the Grenadines,Saint Vincent and the Grenadines,2020-03-14 16:33:00,1,0,0
Curacao,Curacao,2020-03-14 14:00:00,1,0,0
Greenland,Greenland,2020-03-16 18:00:00,1,0,0
Guernsey,Guernsey,2020-03-13 14:00:00,1,0,0
Vatican City,Vatican City,2020-03-24 20:00:00,4,0,0
Cayman Islands,Cayman Islands,2020-03-13 12:00:00,1,0,0
Argentina,Argentina,2020-03-27 01:00:00,589,12,63
Brazil,Brazil,2020-03-27 01:00:00,2985,77,6
Canada,Canada,2020-03-27 01:00:00,4043,39,228
Chile,Chile,2020-03-27 01:00:00,1306,4,22
Colombia,Colombia,2020-03-27 01:00:00,491,6,8
Germany,Germany,2020-03-27 01:00:00,43938,267,5673
Greece,Greece,2020-03-27 01:00:00,892,26,42
India,India,2020-03-27 01:00:00,694,17,48
Peru,Peru,2020-03-27 01:00:00,580,9,14
USA (Aggregate Recovered),USA,2020-03-27 01:00:00,0,0,713
New York,USA,2020-03-27 03:00:00,39140,461,0
New Jersey,USA,2020-03-27 03:00:00,6876,81,0
California,USA,2020-03-27 03:00:00,4040,82,0
Washington,USA,2020-03-27 03:00:00,3207,150,0
Michigan,USA,2020-03-27 03:00:00,2857,61,0
Illinois,USA,2020-03-27 03:00:00,2542,26,0
Florida,USA,2020-03-27 03:00:00,2484,29,0
Massachusetts,USA,2020-03-27 03:00:00,2417,25,0
Louisiana,USA,2020-03-27 03:00:00,2305,83,0
Pennsylvania,USA,2020-03-27 03:00:00,1813,18,0
Texas,USA,2020-03-27 03:00:00,1658,24,0
Georgia,USA,2020-03-27 03:00:00,1643,56,0
Colorado,USA,2020-03-27 03:00:00,1430,19,0
Tennessee,USA,2020-03-27 03:00:00,1099,3,0
Connecticut,USA,2020-03-27 03:00:00,1012,21,0
Ohio,USA,2020-03-27 03:00:00,870,15,0
North Carolina,USA,2020-03-27 03:00:00,755,3,0
Wisconsin,USA,2020-03-27 03:00:00,728,10,0
Indiana,USA,2020-03-27 03:00:00,657,17,0
Maryland,USA,2020-03-27 03:00:00,583,4,0
Nevada,USA,2020-03-27 03:00:00,536,10,0
Alabama,USA,2020-03-27 03:00:00,531,1,0
Missouri,USA,2020-03-27 03:00:00,530,9,0
Arizona,USA,2020-03-27 03:00:00,508,8,0
Mississippi,USA,2020-03-27 03:00:00,485,6,0
Virginia,USA,2020-03-27 03:00:00,471,14,0
South Carolina,USA,2020-03-27 03:00:00,456,9,0
Utah,USA,2020-03-27 03:00:00,402,1,0
Arkansas,USA,2020-03-27 03:00:00,349,2,0
Minnesota,USA,2020-03-27 03:00:00,346,2,0
Oregon,USA,2020-03-27 03:00:00,317,11,0
District of Columbia,USA,2020-03-27 03:00:00,267,3,0
Oklahoma,USA,2020-03-27 03:00:00,248,7,0
Kentucky,USA,2020-03-27 03:00:00,248,5,0
Idaho,USA,2020-03-27 03:00:00,191,3,0
Iowa,USA,2020-03-27 03:00:00,179,1,0
Kansas,USA,2020-03-27 03:00:00,172,3,0
Rhode Island,USA,2020-03-27 03:00:00,165,0,0
Vermont,USA,2020-03-27 03:00:00,158,9,0
Maine,USA,2020-03-27 03:00:00,155,0,0
New Hampshire,USA,2020-03-27 03:00:00,154,1,0
Delaware,USA,2020-03-27 03:00:00,143,1,0
New Mexico,USA,2020-03-27 03:00:00,136,1,0
Hawaii,USA,2020-03-27 03:00:00,106,0,0
Montana,USA,2020-03-27 03:00:00,90,1,0
Nebraska,USA,2020-03-27 03:00:00,82,0,0
West Virginia,USA,2020-03-27 03:00:00,76,0,0
Puerto Rico,USA,2020-03-27 03:00:00,64,2,0
Alaska,USA,2020-03-27 03:00:00,59,1,0
North Dakota,USA,2020-03-27 03:00:00,58,0,0
Wyoming,USA,2020-03-27 03:00:00,56,0,0
Diamond Princess,USA,2020-03-27 03:00:00,49,0,0
South Dakota,USA,2020-03-27 03:00:00,46,1,0
Guam,USA,2020-03-27 03:00:00,45,1,0
Grand Princess,USA,2020-03-27 03:00:00,28,3,0
United States Virgin Islands,USA,2020-03-27 03:00:00,17,0,0
Wuhan Evacuee,USA,2020-03-27 03:00:00,4,0,0
