REGION,CÓDIGO DANE DEL DEPARTAMENTO,DEPARTAMENTO,CÓDIGO DANE DEL MUNICIPIO,MUNICIPIO
Región Eje Cafetero - Antioquia,5,Antioquia,"5,001",Medellín
Región Eje Cafetero - Antioquia,5,Antioquia,"5,002",Abejorral
Región Eje Cafetero - Antioquia,5,Antioquia,"5,004",Abriaquí
Región Eje Cafetero - Antioquia,5,Antioquia,"5,021",Alejandría
Región Eje Cafetero - Antioquia,5,Antioquia,"5,030",Amagá
Región Eje Cafetero - Antioquia,5,Antioquia,"5,031",Amalfi
Región Eje Cafetero - Antioquia,5,Antioquia,"5,034",Andes
Región Eje Cafetero - Antioquia,5,Antioquia,"5,036",Angelópolis
Región Eje Cafetero - Antioquia,5,Antioquia,"5,038",Angostura
Región Eje Cafetero - Antioquia,5,Antioquia,"5,040",Anorí
Región Centro Oriente,68,Santander,"68,176",Chimá
Región Eje Cafetero - Antioquia,5,Antioquia,"5,044",Anza
Región Eje Cafetero - Antioquia,5,Antioquia,"5,045",Apartadó
Región Eje Cafetero - Antioquia,5,Antioquia,"5,051",Arboletes
Región Eje Cafetero - Antioquia,5,Antioquia,"5,055",Argelia
Región Eje Cafetero - Antioquia,5,Antioquia,"5,059",Armenia
Región Eje Cafetero - Antioquia,5,Antioquia,"5,079",Barbosa
Región Eje Cafetero - Antioquia,5,Antioquia,"5,088",Bello
Región Eje Cafetero - Antioquia,5,Antioquia,"5,091",Betania
Región Eje Cafetero - Antioquia,5,Antioquia,"5,093",Betulia
Región Eje Cafetero - Antioquia,5,Antioquia,"5,101",Ciudad Bolívar
Región Eje Cafetero - Antioquia,5,Antioquia,"5,107",Briceño
Región Eje Cafetero - Antioquia,5,Antioquia,"5,113",Buriticá
Región Eje Cafetero - Antioquia,5,Antioquia,"5,120",Cáceres
Región Eje Cafetero - Antioquia,5,Antioquia,"5,125",Caicedo
Región Eje Cafetero - Antioquia,5,Antioquia,"5,129",Caldas
Región Eje Cafetero - Antioquia,5,Antioquia,"5,134",Campamento
Región Eje Cafetero - Antioquia,5,Antioquia,"5,138",Cañasgordas
Región Eje Cafetero - Antioquia,5,Antioquia,"5,142",Caracolí
Región Eje Cafetero - Antioquia,5,Antioquia,"5,145",Caramanta
Región Eje Cafetero - Antioquia,5,Antioquia,"5,147",Carepa
Región Caribe,70,Sucre,"70,670",Sampués
Región Eje Cafetero - Antioquia,5,Antioquia,"5,150",Carolina
Región Eje Cafetero - Antioquia,5,Antioquia,"5,154",Caucasia
Región Eje Cafetero - Antioquia,5,Antioquia,"5,172",Chigorodó
Región Eje Cafetero - Antioquia,5,Antioquia,"5,190",Cisneros
Región Eje Cafetero - Antioquia,5,Antioquia,"5,197",Cocorná
Región Eje Cafetero - Antioquia,5,Antioquia,"5,206",Concepción
Región Eje Cafetero - Antioquia,5,Antioquia,"5,209",Concordia
Región Eje Cafetero - Antioquia,5,Antioquia,"5,212",Copacabana
Región Eje Cafetero - Antioquia,5,Antioquia,"5,234",Dabeiba
Región Eje Cafetero - Antioquia,5,Antioquia,"5,237",Don Matías
Región Eje Cafetero - Antioquia,5,Antioquia,"5,240",Ebéjico
Región Eje Cafetero - Antioquia,5,Antioquia,"5,250",El Bagre
Región Eje Cafetero - Antioquia,5,Antioquia,"5,264",Entrerrios
Región Eje Cafetero - Antioquia,5,Antioquia,"5,266",Envigado
Región Eje Cafetero - Antioquia,5,Antioquia,"5,282",Fredonia
Región Eje Cafetero - Antioquia,5,Antioquia,"5,306",Giraldo
Región Eje Cafetero - Antioquia,5,Antioquia,"5,308",Girardota
Región Eje Cafetero - Antioquia,5,Antioquia,"5,310",Gómez Plata
Región Llano,85,Casanare,"85,225",Nunchía
Región Eje Cafetero - Antioquia,5,Antioquia,"5,315",Guadalupe
Región Eje Cafetero - Antioquia,5,Antioquia,"5,318",Guarne
Región Eje Cafetero - Antioquia,5,Antioquia,"5,321",Guatapé
Región Eje Cafetero - Antioquia,5,Antioquia,"5,347",Heliconia
Región Eje Cafetero - Antioquia,5,Antioquia,"5,353",Hispania
Región Eje Cafetero - Antioquia,5,Antioquia,"5,360",Itagui
Región Eje Cafetero - Antioquia,5,Antioquia,"5,361",Ituango
Región Centro Oriente,54,Norte de Santander,"54,518",Pamplona
Región Eje Cafetero - Antioquia,5,Antioquia,"5,368",Jericó
Región Eje Cafetero - Antioquia,5,Antioquia,"5,376",La Ceja
Región Eje Cafetero - Antioquia,5,Antioquia,"5,380",La Estrella
Región Eje Cafetero - Antioquia,5,Antioquia,"5,390",La Pintada
Región Eje Cafetero - Antioquia,5,Antioquia,"5,400",La Unión
Región Eje Cafetero - Antioquia,5,Antioquia,"5,411",Liborina
Región Eje Cafetero - Antioquia,5,Antioquia,"5,425",Maceo
Región Eje Cafetero - Antioquia,5,Antioquia,"5,440",Marinilla
Región Eje Cafetero - Antioquia,5,Antioquia,"5,467",Montebello
Región Eje Cafetero - Antioquia,5,Antioquia,"5,475",Murindó
Región Eje Cafetero - Antioquia,5,Antioquia,"5,480",Mutatá
Región Eje Cafetero - Antioquia,5,Antioquia,"5,483",Nariño
Región Eje Cafetero - Antioquia,5,Antioquia,"5,490",Necoclí
Región Eje Cafetero - Antioquia,5,Antioquia,"5,495",Nechí
Región Eje Cafetero - Antioquia,5,Antioquia,"5,501",Olaya
Región Eje Cafetero - Antioquia,5,Antioquia,"5,541",Peñol
Región Eje Cafetero - Antioquia,5,Antioquia,"5,543",Peque
Región Eje Cafetero - Antioquia,5,Antioquia,"5,576",Pueblorrico
Región Eje Cafetero - Antioquia,5,Antioquia,"5,579",Puerto Berrío
Región Eje Cafetero - Antioquia,5,Antioquia,"5,585",Puerto Nare
Región Eje Cafetero - Antioquia,5,Antioquia,"5,591",Puerto Triunfo
Región Eje Cafetero - Antioquia,5,Antioquia,"5,604",Remedios
Región Eje Cafetero - Antioquia,5,Antioquia,"5,607",Retiro
Región Eje Cafetero - Antioquia,5,Antioquia,"5,615",Rionegro
Región Eje Cafetero - Antioquia,5,Antioquia,"5,628",Sabanalarga
Región Eje Cafetero - Antioquia,5,Antioquia,"5,631",Sabaneta
Región Eje Cafetero - Antioquia,5,Antioquia,"5,642",Salgar
Región Centro Oriente,25,Cundinamarca,"25,019",Albán
Región Llano,97,Vaupés,"97,889",Yavaraté
Región Eje Cafetero - Antioquia,5,Antioquia,"5,652",San Francisco
Región Eje Cafetero - Antioquia,5,Antioquia,"5,656",San Jerónimo
Región Caribe,23,Córdoba,"23,466",Montelíbano
Región Centro Sur,86,Putumayo,"86,568",Puerto Asís
Región Eje Cafetero - Antioquia,5,Antioquia,"5,660",San Luis
Región Eje Cafetero - Antioquia,5,Antioquia,"5,664",San Pedro
Región Caribe,70,Sucre,"70,215",Corozal
Región Eje Cafetero - Antioquia,5,Antioquia,"5,667",San Rafael
Región Eje Cafetero - Antioquia,5,Antioquia,"5,670",San Roque
Región Eje Cafetero - Antioquia,5,Antioquia,"5,674",San Vicente
Región Eje Cafetero - Antioquia,5,Antioquia,"5,679",Santa Bárbara
Región Pacífico,52,Nariño,"52,110",Buesaco
Región Eje Cafetero - Antioquia,5,Antioquia,"5,690",Santo Domingo
Región Eje Cafetero - Antioquia,5,Antioquia,"5,697",El Santuario
Región Eje Cafetero - Antioquia,5,Antioquia,"5,736",Segovia
Región Eje Cafetero - Antioquia,5,Antioquia,"5,761",Sopetrán
Región Eje Cafetero - Antioquia,5,Antioquia,"5,789",Támesis
Región Eje Cafetero - Antioquia,5,Antioquia,"5,790",Tarazá
Región Eje Cafetero - Antioquia,5,Antioquia,"5,792",Tarso
Región Eje Cafetero - Antioquia,5,Antioquia,"5,809",Titiribí
Región Eje Cafetero - Antioquia,5,Antioquia,"5,819",Toledo
Región Eje Cafetero - Antioquia,5,Antioquia,"5,837",Turbo
Región Eje Cafetero - Antioquia,5,Antioquia,"5,842",Uramita
Región Eje Cafetero - Antioquia,5,Antioquia,"5,847",Urrao
Región Eje Cafetero - Antioquia,5,Antioquia,"5,854",Valdivia
Región Eje Cafetero - Antioquia,5,Antioquia,"5,856",Valparaíso
Región Eje Cafetero - Antioquia,5,Antioquia,"5,858",Vegachí
Región Eje Cafetero - Antioquia,5,Antioquia,"5,861",Venecia
Región Llano,85,Casanare,"85,139",Maní
Región Eje Cafetero - Antioquia,5,Antioquia,"5,885",Yalí
Región Eje Cafetero - Antioquia,5,Antioquia,"5,887",Yarumal
Región Eje Cafetero - Antioquia,5,Antioquia,"5,890",Yolombó
Región Eje Cafetero - Antioquia,5,Antioquia,"5,893",Yondó
Región Eje Cafetero - Antioquia,5,Antioquia,"5,895",Zaragoza
Región Caribe,8,Atlántico,"8,001",Barranquilla
Región Caribe,8,Atlántico,"8,078",Baranoa
Región Caribe,13,Bolívar,"13,268",El Peñón
Región Caribe,8,Atlántico,"8,141",Candelaria
Región Caribe,8,Atlántico,"8,296",Galapa
Región Pacífico,76,Valle del Cauca,"76,834",Tuluá
Región Centro Sur,73,Tolima,"73,152",Casabianca
Región Caribe,8,Atlántico,"8,421",Luruaco
Región Caribe,8,Atlántico,"8,433",Malambo
Región Caribe,8,Atlántico,"8,436",Manatí
Región Centro Oriente,25,Cundinamarca,"25,040",Anolaima
Región Caribe,8,Atlántico,"8,549",Piojó
Región Caribe,8,Atlántico,"8,558",Polonuevo
Región Centro Oriente,25,Cundinamarca,"25,175",Chía
Región Pacífico,52,Nariño,"52,835",San Andrés de Tumaco
Región Caribe,8,Atlántico,"8,634",Sabanagrande
Región Caribe,8,Atlántico,"8,638",Sabanalarga
Región Caribe,8,Atlántico,"8,675",Santa Lucía
Región Caribe,8,Atlántico,"8,685",Santo Tomás
Región Caribe,8,Atlántico,"8,758",Soledad
Región Caribe,8,Atlántico,"8,770",Suan
Región Caribe,8,Atlántico,"8,832",Tubará
Región Caribe,8,Atlántico,"8,849",Usiacurí
Región Centro Sur,18,Caquetá,"18,460",Milán
Región Centro Oriente,68,Santander,"68,147",Capitanejo
Región Caribe,13,Bolívar,"13,006",Achí
Región Centro Sur,73,Tolima,"73,043",Anzoátegui
Región Caribe,13,Bolívar,"13,042",Arenal
Región Caribe,13,Bolívar,"13,052",Arjona
Región Caribe,13,Bolívar,"13,062",Arroyohondo
Región Pacífico,76,Valle del Cauca,"76,275",Florida
Región Caribe,13,Bolívar,"13,140",Calamar
Región Caribe,13,Bolívar,"13,160",Cantagallo
Región Caribe,13,Bolívar,"13,188",Cicuco
Región Caribe,13,Bolívar,"13,212",Córdoba
Región Caribe,13,Bolívar,"13,222",Clemencia
Región Caribe,8,Atlántico,"8,606",Repelón
Región Caribe,13,Bolívar,"13,248",El Guamo
Región Eje Cafetero - Antioquia,5,Antioquia,"5,284",Frontino
Región Caribe,13,Bolívar,"13,430",Magangué
Región Caribe,13,Bolívar,"13,433",Mahates
Región Caribe,13,Bolívar,"13,440",Margarita
Región Caribe,13,Bolívar,"13,458",Montecristo
Región Caribe,13,Bolívar,"13,468",Mompós
Región Caribe,13,Bolívar,"13,473",Morales
Región Caribe,13,Bolívar,"13,490",Norosí
Región Caribe,13,Bolívar,"13,549",Pinillos
Región Caribe,13,Bolívar,"13,580",Regidor
Región Caribe,13,Bolívar,"13,600",Río Viejo
Región Caribe,13,Bolívar,"13,647",San Estanislao
Región Caribe,13,Bolívar,"13,650",San Fernando
Región Centro Oriente,25,Cundinamarca,"25,258",El Peñón
Región Centro Oriente,54,Norte de Santander,"54,520",Pamplonita
Región Caribe,13,Bolívar,"13,657",San Juan Nepomuceno
Región Centro Sur,91,Amazonas,"91,460",Miriti Paraná
Región Llano,85,Casanare,"85,400",Támara
Región Caribe,13,Bolívar,"13,673",Santa Catalina
Región Caribe,13,Bolívar,"13,683",Santa Rosa
Región Centro Oriente,15,Boyacá,"15,806",Tibasosa
Región Caribe,13,Bolívar,"13,744",Simití
Región Caribe,13,Bolívar,"13,760",Soplaviento
Región Caribe,13,Bolívar,"13,780",Talaigua Nuevo
Región Caribe,13,Bolívar,"13,810",Tiquisio
Región Caribe,13,Bolívar,"13,836",Turbaco
Región Caribe,13,Bolívar,"13,838",Turbaná
Región Caribe,13,Bolívar,"13,873",Villanueva
Región Pacífico,19,Cauca,"19,517",Páez
Región Centro Oriente,15,Boyacá,"15,001",Tunja
Región Centro Oriente,15,Boyacá,"15,022",Almeida
Región Centro Oriente,15,Boyacá,"15,047",Aquitania
Región Centro Oriente,15,Boyacá,"15,051",Arcabuco
Región Centro Sur,73,Tolima,"73,001",Ibagué
Región Centro Oriente,15,Boyacá,"15,090",Berbeo
Región Centro Oriente,15,Boyacá,"15,092",Betéitiva
Región Centro Oriente,15,Boyacá,"15,097",Boavita
Región Centro Oriente,15,Boyacá,"15,104",Boyacá
Región Centro Oriente,15,Boyacá,"15,106",Briceño
Región Centro Oriente,15,Boyacá,"15,109",Buena Vista
Región Centro Oriente,15,Boyacá,"15,114",Busbanzá
Región Centro Oriente,15,Boyacá,"15,131",Caldas
Región Centro Oriente,15,Boyacá,"15,135",Campohermoso
Región Centro Oriente,15,Boyacá,"15,162",Cerinza
Región Centro Oriente,15,Boyacá,"15,172",Chinavita
Región Centro Oriente,15,Boyacá,"15,176",Chiquinquirá
Región Centro Oriente,15,Boyacá,"15,180",Chiscas
Región Centro Oriente,15,Boyacá,"15,183",Chita
Región Centro Oriente,15,Boyacá,"15,185",Chitaraque
Región Centro Oriente,15,Boyacá,"15,187",Chivatá
Región Centro Oriente,15,Boyacá,"15,204",Cómbita
Región Centro Oriente,15,Boyacá,"15,212",Coper
Región Centro Oriente,15,Boyacá,"15,215",Corrales
Región Centro Oriente,15,Boyacá,"15,218",Covarachía
Región Centro Oriente,15,Boyacá,"15,223",Cubará
Región Centro Oriente,15,Boyacá,"15,224",Cucaita
Región Centro Oriente,15,Boyacá,"15,226",Cuítiva
Región Centro Oriente,15,Boyacá,"15,232",Chíquiza
Región Centro Oriente,15,Boyacá,"15,236",Chivor
Región Centro Oriente,15,Boyacá,"15,238",Duitama
Región Centro Oriente,15,Boyacá,"15,244",El Cocuy
Región Centro Oriente,15,Boyacá,"15,248",El Espino
Región Centro Oriente,15,Boyacá,"15,272",Firavitoba
Región Centro Oriente,15,Boyacá,"15,276",Floresta
Región Centro Oriente,15,Boyacá,"15,293",Gachantivá
Región Centro Oriente,15,Boyacá,"15,296",Gameza
Región Centro Oriente,15,Boyacá,"15,299",Garagoa
Región Centro Oriente,15,Boyacá,"15,317",Guacamayas
Región Centro Oriente,15,Boyacá,"15,322",Guateque
Región Centro Oriente,15,Boyacá,"15,325",Guayatá
Región Centro Oriente,15,Boyacá,"15,332",Güicán
Región Centro Oriente,15,Boyacá,"15,362",Iza
Región Centro Oriente,15,Boyacá,"15,367",Jenesano
Región Centro Oriente,15,Boyacá,"15,368",Jericó
Región Centro Oriente,15,Boyacá,"15,377",Labranzagrande
Región Centro Oriente,15,Boyacá,"15,380",La Capilla
Región Centro Oriente,15,Boyacá,"15,401",La Victoria
Región Caribe,8,Atlántico,"8,573",Puerto Colombia
Región Pacífico,52,Nariño,"52,083",Belén
Región Centro Oriente,15,Boyacá,"15,425",Macanal
Región Centro Oriente,15,Boyacá,"15,442",Maripí
Región Centro Oriente,15,Boyacá,"15,455",Miraflores
Región Centro Oriente,15,Boyacá,"15,464",Mongua
Región Centro Oriente,15,Boyacá,"15,466",Monguí
Región Centro Oriente,15,Boyacá,"15,469",Moniquirá
Región Centro Oriente,15,Boyacá,"15,480",Muzo
Región Centro Oriente,15,Boyacá,"15,491",Nobsa
Región Centro Oriente,15,Boyacá,"15,494",Nuevo Colón
Región Centro Oriente,15,Boyacá,"15,500",Oicatá
Región Centro Oriente,15,Boyacá,"15,507",Otanche
Región Centro Oriente,15,Boyacá,"15,511",Pachavita
Región Centro Oriente,15,Boyacá,"15,514",Páez
Región Centro Oriente,15,Boyacá,"15,516",Paipa
Región Centro Oriente,15,Boyacá,"15,518",Pajarito
Región Centro Oriente,15,Boyacá,"15,522",Panqueba
Región Centro Oriente,15,Boyacá,"15,531",Pauna
Región Centro Oriente,15,Boyacá,"15,533",Paya
Región Centro Oriente,25,Cundinamarca,"25,758",Sopó
Región Centro Oriente,15,Boyacá,"15,542",Pesca
Región Centro Oriente,15,Boyacá,"15,550",Pisba
Región Centro Oriente,15,Boyacá,"15,572",Puerto Boyacá
Región Centro Oriente,15,Boyacá,"15,580",Quípama
Región Centro Oriente,15,Boyacá,"15,599",Ramiriquí
Región Centro Oriente,15,Boyacá,"15,600",Ráquira
Región Centro Oriente,15,Boyacá,"15,621",Rondón
Región Centro Oriente,15,Boyacá,"15,632",Saboyá
Región Centro Oriente,15,Boyacá,"15,638",Sáchica
Región Centro Oriente,15,Boyacá,"15,646",Samacá
Región Centro Oriente,15,Boyacá,"15,660",San Eduardo
Región Pacífico,27,Chocó,"27,150",Carmen del Darien
Región Centro Oriente,25,Cundinamarca,"25,299",Gama
Región Centro Oriente,15,Boyacá,"15,673",San Mateo
Región Centro Oriente,25,Cundinamarca,"25,718",Sasaima
Región Pacífico,52,Nariño,"52,240",Chachagüí
Región Centro Oriente,15,Boyacá,"15,686",Santana
Región Centro Oriente,15,Boyacá,"15,690",Santa María
Región Centro Oriente,54,Norte de Santander,"54,001",Cúcuta
Región Centro Oriente,15,Boyacá,"15,696",Santa Sofía
Región Centro Oriente,15,Boyacá,"15,720",Sativanorte
Región Centro Oriente,15,Boyacá,"15,723",Sativasur
Región Centro Oriente,15,Boyacá,"15,740",Siachoque
Región Centro Oriente,15,Boyacá,"15,753",Soatá
Región Centro Oriente,15,Boyacá,"15,755",Socotá
Región Centro Oriente,15,Boyacá,"15,757",Socha
Región Centro Oriente,15,Boyacá,"15,759",Sogamoso
Región Centro Oriente,15,Boyacá,"15,761",Somondoco
Región Centro Oriente,15,Boyacá,"15,762",Sora
Región Centro Oriente,15,Boyacá,"15,763",Sotaquirá
Región Centro Oriente,15,Boyacá,"15,764",Soracá
Región Centro Oriente,15,Boyacá,"15,774",Susacón
Región Centro Oriente,15,Boyacá,"15,776",Sutamarchán
Región Centro Oriente,15,Boyacá,"15,778",Sutatenza
Región Centro Oriente,15,Boyacá,"15,790",Tasco
Región Centro Oriente,15,Boyacá,"15,798",Tenza
Región Centro Oriente,15,Boyacá,"15,804",Tibaná
Región Centro Oriente,15,Boyacá,"15,808",Tinjacá
Región Centro Oriente,15,Boyacá,"15,810",Tipacoque
Región Centro Oriente,15,Boyacá,"15,814",Toca
Región Caribe,13,Bolívar,"13,001",Cartagena
Región Centro Oriente,15,Boyacá,"15,820",Tópaga
Región Centro Oriente,15,Boyacá,"15,822",Tota
Región Centro Oriente,15,Boyacá,"15,835",Turmequé
Región Eje Cafetero - Antioquia,5,Antioquia,"5,313",Granada
Región Centro Oriente,15,Boyacá,"15,839",Tutazá
Región Centro Oriente,15,Boyacá,"15,842",Umbita
Región Centro Oriente,15,Boyacá,"15,861",Ventaquemada
Región Centro Oriente,15,Boyacá,"15,879",Viracachá
Región Centro Oriente,15,Boyacá,"15,897",Zetaquira
Región Eje Cafetero - Antioquia,17,Caldas,"17,001",Manizales
Región Eje Cafetero - Antioquia,17,Caldas,"17,013",Aguadas
Región Eje Cafetero - Antioquia,17,Caldas,"17,042",Anserma
Región Eje Cafetero - Antioquia,17,Caldas,"17,050",Aranzazu
Región Eje Cafetero - Antioquia,17,Caldas,"17,088",Belalcázar
Región Eje Cafetero - Antioquia,17,Caldas,"17,174",Chinchiná
Región Eje Cafetero - Antioquia,17,Caldas,"17,272",Filadelfia
Región Eje Cafetero - Antioquia,17,Caldas,"17,380",La Dorada
Región Eje Cafetero - Antioquia,17,Caldas,"17,388",La Merced
Región Eje Cafetero - Antioquia,17,Caldas,"17,433",Manzanares
Región Eje Cafetero - Antioquia,17,Caldas,"17,442",Marmato
Región Eje Cafetero - Antioquia,17,Caldas,"17,446",Marulanda
Región Eje Cafetero - Antioquia,17,Caldas,"17,486",Neira
Región Eje Cafetero - Antioquia,17,Caldas,"17,495",Norcasia
Región Eje Cafetero - Antioquia,17,Caldas,"17,513",Pácora
Región Eje Cafetero - Antioquia,17,Caldas,"17,524",Palestina
Región Eje Cafetero - Antioquia,17,Caldas,"17,541",Pensilvania
Región Eje Cafetero - Antioquia,17,Caldas,"17,614",Riosucio
Región Eje Cafetero - Antioquia,17,Caldas,"17,616",Risaralda
Región Eje Cafetero - Antioquia,17,Caldas,"17,653",Salamina
Región Eje Cafetero - Antioquia,17,Caldas,"17,662",Samaná
Región Eje Cafetero - Antioquia,17,Caldas,"17,665",San José
Región Eje Cafetero - Antioquia,17,Caldas,"17,777",Supía
Región Eje Cafetero - Antioquia,17,Caldas,"17,867",Victoria
Región Eje Cafetero - Antioquia,17,Caldas,"17,873",Villamaría
Región Eje Cafetero - Antioquia,17,Caldas,"17,877",Viterbo
Región Centro Sur,18,Caquetá,"18,001",Florencia
Región Centro Sur,18,Caquetá,"18,029",Albania
Región Caribe,47,Magdalena,"47,720",Santa Bárbara de Pinto
Región Caribe,13,Bolívar,"13,442",María la Baja
Región Centro Sur,18,Caquetá,"18,205",Curillo
Región Centro Sur,18,Caquetá,"18,247",El Doncello
Región Centro Sur,18,Caquetá,"18,256",El Paujil
Región Centro Sur,18,Caquetá,"18,479",Morelia
Región Centro Sur,18,Caquetá,"18,592",Puerto Rico
Región Centro Sur,18,Caquetá,"18,410",La Montañita
Región Centro Sur,18,Caquetá,"18,753",San Vicente del Caguán
Región Centro Sur,18,Caquetá,"18,756",Solano
Región Centro Sur,18,Caquetá,"18,785",Solita
Región Centro Sur,18,Caquetá,"18,860",Valparaíso
Región Pacífico,19,Cauca,"19,001",Popayán
Región Pacífico,19,Cauca,"19,022",Almaguer
Región Pacífico,19,Cauca,"19,050",Argelia
Región Pacífico,19,Cauca,"19,075",Balboa
Región Pacífico,19,Cauca,"19,100",Bolívar
Región Pacífico,19,Cauca,"19,110",Buenos Aires
Región Pacífico,19,Cauca,"19,130",Cajibío
Región Pacífico,19,Cauca,"19,137",Caldono
Región Pacífico,19,Cauca,"19,142",Caloto
Región Pacífico,19,Cauca,"19,212",Corinto
Región Pacífico,19,Cauca,"19,256",El Tambo
Región Pacífico,19,Cauca,"19,290",Florencia
Región Pacífico,19,Cauca,"19,300",Guachené
Región Pacífico,19,Cauca,"19,318",Guapi
Región Pacífico,19,Cauca,"19,355",Inzá
Región Pacífico,19,Cauca,"19,364",Jambaló
Región Pacífico,19,Cauca,"19,392",La Sierra
Región Pacífico,19,Cauca,"19,397",La Vega
Región Pacífico,19,Cauca,"19,418",López
Región Pacífico,19,Cauca,"19,450",Mercaderes
Región Pacífico,19,Cauca,"19,455",Miranda
Región Pacífico,19,Cauca,"19,473",Morales
Región Pacífico,19,Cauca,"19,513",Padilla
Región Pacífico,19,Cauca,"19,532",Patía
Región Pacífico,19,Cauca,"19,533",Piamonte
Región Pacífico,19,Cauca,"19,548",Piendamó
Región Pacífico,19,Cauca,"19,573",Puerto Tejada
Región Pacífico,19,Cauca,"19,585",Puracé
Región Pacífico,19,Cauca,"19,622",Rosas
Región Centro Oriente,68,Santander,"68,250",El Peñón
Región Eje Cafetero - Antioquia,5,Antioquia,"5,364",Jardín
Región Pacífico,19,Cauca,"19,701",Santa Rosa
Región Pacífico,19,Cauca,"19,743",Silvia
Región Pacífico,19,Cauca,"19,760",Sotara
Región Pacífico,19,Cauca,"19,780",Suárez
Región Pacífico,19,Cauca,"19,785",Sucre
Región Pacífico,19,Cauca,"19,807",Timbío
Región Pacífico,19,Cauca,"19,809",Timbiquí
Región Pacífico,19,Cauca,"19,821",Toribio
Región Pacífico,19,Cauca,"19,824",Totoró
Región Pacífico,19,Cauca,"19,845",Villa Rica
Región Caribe,20,Cesar,"20,001",Valledupar
Región Caribe,20,Cesar,"20,011",Aguachica
Región Caribe,20,Cesar,"20,013",Agustín Codazzi
Región Caribe,20,Cesar,"20,032",Astrea
Región Caribe,20,Cesar,"20,045",Becerril
Región Caribe,20,Cesar,"20,060",Bosconia
Región Caribe,20,Cesar,"20,175",Chimichagua
Región Caribe,20,Cesar,"20,178",Chiriguaná
Región Caribe,20,Cesar,"20,228",Curumaní
Región Caribe,20,Cesar,"20,238",El Copey
Región Caribe,20,Cesar,"20,250",El Paso
Región Caribe,20,Cesar,"20,295",Gamarra
Región Caribe,20,Cesar,"20,310",González
Región Caribe,20,Cesar,"20,383",La Gloria
Región Pacífico,76,Valle del Cauca,"76,364",Jamundí
Región Caribe,20,Cesar,"20,443",Manaure
Región Caribe,20,Cesar,"20,517",Pailitas
Región Caribe,20,Cesar,"20,550",Pelaya
Región Caribe,20,Cesar,"20,570",Pueblo Bello
Región Pacífico,27,Chocó,"27,787",Tadó
Región Caribe,20,Cesar,"20,621",La Paz
Región Caribe,20,Cesar,"20,710",San Alberto
Región Caribe,20,Cesar,"20,750",San Diego
Región Caribe,20,Cesar,"20,770",San Martín
Región Caribe,20,Cesar,"20,787",Tamalameque
Región Caribe,23,Córdoba,"23,001",Montería
Región Caribe,23,Córdoba,"23,068",Ayapel
Región Caribe,23,Córdoba,"23,079",Buenavista
Región Caribe,23,Córdoba,"23,090",Canalete
Región Caribe,23,Córdoba,"23,162",Cereté
Región Caribe,23,Córdoba,"23,168",Chimá
Región Caribe,23,Córdoba,"23,182",Chinú
Región Llano,85,Casanare,"85,230",Orocué
Región Caribe,23,Córdoba,"23,300",Cotorra
Región Centro Sur,73,Tolima,"73,411",Líbano
Región Caribe,23,Córdoba,"23,417",Lorica
Región Caribe,23,Córdoba,"23,419",Los Córdobas
Región Caribe,23,Córdoba,"23,464",Momil
Región Caribe,23,Córdoba,"23,500",Moñitos
Región Caribe,23,Córdoba,"23,555",Planeta Rica
Región Caribe,23,Córdoba,"23,570",Pueblo Nuevo
Región Caribe,23,Córdoba,"23,574",Puerto Escondido
Región Centro Oriente,25,Cundinamarca,"25,885",Yacopí
Región Caribe,23,Córdoba,"23,586",Purísima
Región Caribe,23,Córdoba,"23,660",Sahagún
Región Caribe,23,Córdoba,"23,670",San Andrés Sotavento
Región Caribe,23,Córdoba,"23,672",San Antero
Región Eje Cafetero - Antioquia,63,Quindío,"63,130",Calarcá
Región Eje Cafetero - Antioquia,5,Antioquia,"5,756",Sonsón
Región Centro Oriente,54,Norte de Santander,"54,245",El Carmen
Región Caribe,23,Córdoba,"23,686",San Pelayo
Región Caribe,23,Córdoba,"23,807",Tierralta
Región Caribe,23,Córdoba,"23,815",Tuchín
Región Caribe,23,Córdoba,"23,855",Valencia
Región Centro Sur,73,Tolima,"73,408",Lérida
Región Centro Oriente,25,Cundinamarca,"25,035",Anapoima
Región Centro Oriente,25,Cundinamarca,"25,053",Arbeláez
Región Centro Oriente,25,Cundinamarca,"25,086",Beltrán
Región Centro Oriente,25,Cundinamarca,"25,095",Bituima
Región Centro Oriente,25,Cundinamarca,"25,099",Bojacá
Región Centro Oriente,25,Cundinamarca,"25,120",Cabrera
Región Centro Oriente,25,Cundinamarca,"25,123",Cachipay
Región Centro Oriente,25,Cundinamarca,"25,126",Cajicá
Región Centro Oriente,25,Cundinamarca,"25,148",Caparrapí
Región Centro Oriente,25,Cundinamarca,"25,151",Caqueza
Región Caribe,23,Córdoba,"23,350",La Apartada
Región Centro Oriente,25,Cundinamarca,"25,168",Chaguaní
Región Centro Oriente,25,Cundinamarca,"25,178",Chipaque
Región Centro Oriente,25,Cundinamarca,"25,181",Choachí
Región Centro Oriente,25,Cundinamarca,"25,183",Chocontá
Región Centro Oriente,25,Cundinamarca,"25,200",Cogua
Región Centro Oriente,25,Cundinamarca,"25,214",Cota
Región Centro Oriente,25,Cundinamarca,"25,224",Cucunubá
Región Centro Oriente,25,Cundinamarca,"25,245",El Colegio
Región Centro Oriente,25,Cundinamarca,"25,260",El Rosal
Región Centro Oriente,25,Cundinamarca,"25,279",Fomeque
Región Centro Oriente,25,Cundinamarca,"25,281",Fosca
Región Centro Oriente,25,Cundinamarca,"25,286",Funza
Región Centro Oriente,25,Cundinamarca,"25,288",Fúquene
Región Centro Oriente,25,Cundinamarca,"25,293",Gachala
Región Centro Oriente,25,Cundinamarca,"25,295",Gachancipá
Región Centro Oriente,25,Cundinamarca,"25,297",Gachetá
Región Caribe,13,Bolívar,"13,620",San Cristóbal
Región Centro Oriente,25,Cundinamarca,"25,307",Girardot
Región Centro Oriente,25,Cundinamarca,"25,312",Granada
Región Centro Oriente,25,Cundinamarca,"25,317",Guachetá
Región Centro Oriente,25,Cundinamarca,"25,320",Guaduas
Región Centro Oriente,25,Cundinamarca,"25,322",Guasca
Región Centro Oriente,25,Cundinamarca,"25,324",Guataquí
Región Centro Oriente,25,Cundinamarca,"25,326",Guatavita
Región Centro Oriente,25,Cundinamarca,"25,290",Fusagasugá
Región Centro Oriente,25,Cundinamarca,"25,335",Guayabetal
Región Centro Oriente,25,Cundinamarca,"25,339",Gutiérrez
Región Centro Oriente,25,Cundinamarca,"25,368",Jerusalén
Región Centro Oriente,25,Cundinamarca,"25,372",Junín
Región Centro Oriente,25,Cundinamarca,"25,377",La Calera
Región Centro Oriente,25,Cundinamarca,"25,386",La Mesa
Región Centro Oriente,25,Cundinamarca,"25,394",La Palma
Región Centro Oriente,25,Cundinamarca,"25,398",La Peña
Región Centro Oriente,25,Cundinamarca,"25,402",La Vega
Región Centro Oriente,25,Cundinamarca,"25,407",Lenguazaque
Región Centro Oriente,25,Cundinamarca,"25,426",Macheta
Región Centro Oriente,25,Cundinamarca,"25,430",Madrid
Región Centro Oriente,25,Cundinamarca,"25,436",Manta
Región Centro Oriente,25,Cundinamarca,"25,438",Medina
Región Centro Oriente,25,Cundinamarca,"25,473",Mosquera
Región Centro Oriente,25,Cundinamarca,"25,483",Nariño
Región Centro Oriente,25,Cundinamarca,"25,486",Nemocón
Región Centro Oriente,25,Cundinamarca,"25,488",Nilo
Región Centro Oriente,25,Cundinamarca,"25,489",Nimaima
Región Centro Oriente,25,Cundinamarca,"25,491",Nocaima
Región Centro Oriente,25,Cundinamarca,"25,506",Venecia
Región Centro Oriente,25,Cundinamarca,"25,513",Pacho
Región Centro Oriente,25,Cundinamarca,"25,518",Paime
Región Centro Oriente,25,Cundinamarca,"25,524",Pandi
Región Centro Oriente,25,Cundinamarca,"25,530",Paratebueno
Región Centro Oriente,25,Cundinamarca,"25,535",Pasca
Región Centro Oriente,25,Cundinamarca,"25,572",Puerto Salgar
Región Centro Oriente,25,Cundinamarca,"25,580",Pulí
Región Centro Oriente,25,Cundinamarca,"25,592",Quebradanegra
Región Centro Oriente,25,Cundinamarca,"25,594",Quetame
Región Centro Oriente,25,Cundinamarca,"25,596",Quipile
Región Centro Oriente,25,Cundinamarca,"25,599",Apulo
Región Centro Oriente,25,Cundinamarca,"25,612",Ricaurte
Región Caribe,13,Bolívar,"13,894",Zambrano
Región Centro Oriente,25,Cundinamarca,"25,649",San Bernardo
Región Centro Oriente,25,Cundinamarca,"25,653",San Cayetano
Región Centro Oriente,25,Cundinamarca,"25,658",San Francisco
Región Centro Oriente,15,Boyacá,"15,403",La Uvita
Región Centro Oriente,25,Cundinamarca,"25,899",Zipaquirá
Región Centro Oriente,25,Cundinamarca,"25,736",Sesquilé
Región Centro Oriente,25,Cundinamarca,"25,740",Sibaté
Región Centro Oriente,25,Cundinamarca,"25,743",Silvania
Región Centro Oriente,25,Cundinamarca,"25,745",Simijaca
Región Centro Oriente,25,Cundinamarca,"25,754",Soacha
Región Centro Oriente,25,Cundinamarca,"25,769",Subachoque
Región Centro Oriente,25,Cundinamarca,"25,772",Suesca
Región Centro Oriente,25,Cundinamarca,"25,777",Supatá
Región Centro Oriente,25,Cundinamarca,"25,779",Susa
Región Centro Oriente,25,Cundinamarca,"25,781",Sutatausa
Región Centro Oriente,25,Cundinamarca,"25,785",Tabio
Región Eje Cafetero - Antioquia,63,Quindío,"63,302",Génova
Región Centro Oriente,25,Cundinamarca,"25,793",Tausa
Región Centro Oriente,25,Cundinamarca,"25,797",Tena
Región Centro Oriente,25,Cundinamarca,"25,799",Tenjo
Región Centro Oriente,25,Cundinamarca,"25,805",Tibacuy
Región Centro Oriente,25,Cundinamarca,"25,807",Tibirita
Región Centro Oriente,25,Cundinamarca,"25,815",Tocaima
Región Centro Oriente,25,Cundinamarca,"25,817",Tocancipá
Región Centro Oriente,25,Cundinamarca,"25,823",Topaipí
Región Centro Oriente,25,Cundinamarca,"25,839",Ubalá
Región Centro Oriente,25,Cundinamarca,"25,841",Ubaque
Región Centro Sur,73,Tolima,"73,770",Suárez
Región Centro Oriente,25,Cundinamarca,"25,845",Une
Región Centro Oriente,25,Cundinamarca,"25,851",Útica
Región Llano,50,Meta,"50,150",Castilla la Nueva
Región Centro Oriente,25,Cundinamarca,"25,867",Vianí
Región Centro Oriente,25,Cundinamarca,"25,871",Villagómez
Región Centro Oriente,25,Cundinamarca,"25,873",Villapinzón
Región Centro Oriente,25,Cundinamarca,"25,875",Villeta
Región Centro Oriente,25,Cundinamarca,"25,878",Viotá
Región Centro Oriente,25,Cundinamarca,"25,898",Zipacón
Región Pacífico,27,Chocó,"27,001",Quibdó
Región Pacífico,27,Chocó,"27,006",Acandí
Región Pacífico,27,Chocó,"27,025",Alto Baudo
Región Pacífico,27,Chocó,"27,050",Atrato
Región Pacífico,27,Chocó,"27,073",Bagadó
Región Pacífico,27,Chocó,"27,075",Bahía Solano
Región Pacífico,27,Chocó,"27,077",Bajo Baudó
Región Centro Oriente,15,Boyacá,"15,087",Belén
Región Pacífico,27,Chocó,"27,099",Bojaya
Región Pacífico,27,Chocó,"27,810",Unión Panamericana
Región Caribe,47,Magdalena,"47,570",Pueblo Viejo
Región Pacífico,27,Chocó,"27,160",Cértegui
Región Pacífico,27,Chocó,"27,205",Condoto
Región Centro Sur,86,Putumayo,"86,885",Villagarzón
Región Centro Oriente,25,Cundinamarca,"25,269",Facatativá
Región Pacífico,27,Chocó,"27,372",Juradó
Región Pacífico,27,Chocó,"27,413",Lloró
Región Pacífico,27,Chocó,"27,425",Medio Atrato
Región Pacífico,27,Chocó,"27,430",Medio Baudó
Región Pacífico,27,Chocó,"27,450",Medio San Juan
Región Pacífico,27,Chocó,"27,491",Nóvita
Región Pacífico,27,Chocó,"27,495",Nuquí
Región Pacífico,27,Chocó,"27,580",Río Iro
Región Pacífico,27,Chocó,"27,600",Río Quito
Región Pacífico,27,Chocó,"27,615",Riosucio
Región Caribe,23,Córdoba,"23,580",Puerto Libertador
Región Pacífico,27,Chocó,"27,745",Sipí
Región Pacífico,27,Chocó,"27,800",Unguía
Región Centro Sur,41,Huila,"41,001",Neiva
Región Centro Sur,41,Huila,"41,006",Acevedo
Región Centro Sur,41,Huila,"41,013",Agrado
Región Centro Sur,41,Huila,"41,016",Aipe
Región Centro Sur,41,Huila,"41,020",Algeciras
Región Centro Sur,41,Huila,"41,026",Altamira
Región Centro Sur,41,Huila,"41,078",Baraya
Región Centro Sur,41,Huila,"41,132",Campoalegre
Región Centro Sur,41,Huila,"41,206",Colombia
Región Centro Sur,41,Huila,"41,244",Elías
Región Centro Sur,41,Huila,"41,298",Garzón
Región Centro Sur,41,Huila,"41,306",Gigante
Región Centro Sur,41,Huila,"41,319",Guadalupe
Región Centro Sur,41,Huila,"41,349",Hobo
Región Centro Sur,41,Huila,"41,357",Iquira
Región Centro Sur,41,Huila,"41,359",Isnos
Región Centro Sur,41,Huila,"41,378",La Argentina
Región Centro Sur,41,Huila,"41,396",La Plata
Región Eje Cafetero - Antioquia,17,Caldas,"17,444",Marquetalia
Región Centro Sur,41,Huila,"41,483",Nátaga
Región Centro Sur,41,Huila,"41,503",Oporapa
Región Centro Sur,41,Huila,"41,518",Paicol
Región Centro Sur,41,Huila,"41,524",Palermo
Región Centro Sur,41,Huila,"41,530",Palestina
Región Centro Sur,41,Huila,"41,548",Pital
Región Centro Sur,41,Huila,"41,551",Pitalito
Región Centro Sur,41,Huila,"41,615",Rivera
Región Centro Sur,41,Huila,"41,660",Saladoblanco
Región Pacífico,52,Nariño,"52,051",Arboleda
Región Centro Sur,41,Huila,"41,676",Santa María
Región Centro Sur,41,Huila,"41,770",Suaza
Región Centro Sur,41,Huila,"41,791",Tarqui
Región Centro Sur,41,Huila,"41,797",Tesalia
Región Centro Sur,41,Huila,"41,799",Tello
Región Centro Sur,41,Huila,"41,801",Teruel
Región Centro Sur,41,Huila,"41,807",Timaná
Región Centro Sur,41,Huila,"41,872",Villavieja
Región Centro Sur,41,Huila,"41,885",Yaguará
Región Caribe,44,La Guajira,"44,001",Riohacha
Región Caribe,44,La Guajira,"44,035",Albania
Región Caribe,44,La Guajira,"44,078",Barrancas
Región Caribe,44,La Guajira,"44,090",Dibula
Región Caribe,44,La Guajira,"44,098",Distracción
Región Caribe,44,La Guajira,"44,110",El Molino
Región Caribe,44,La Guajira,"44,279",Fonseca
Región Caribe,44,La Guajira,"44,378",Hatonuevo
Región Caribe,44,La Guajira,"44,430",Maicao
Región Caribe,44,La Guajira,"44,560",Manaure
Región Caribe,44,La Guajira,"44,847",Uribia
Región Caribe,44,La Guajira,"44,855",Urumita
Región Caribe,44,La Guajira,"44,874",Villanueva
Región Caribe,47,Magdalena,"47,001",Santa Marta
Región Caribe,47,Magdalena,"47,030",Algarrobo
Región Caribe,47,Magdalena,"47,053",Aracataca
Región Caribe,47,Magdalena,"47,058",Ariguaní
Región Caribe,47,Magdalena,"47,161",Cerro San Antonio
Región Caribe,47,Magdalena,"47,170",Chivolo
Región Caribe,47,Magdalena,"47,205",Concordia
Región Caribe,47,Magdalena,"47,245",El Banco
Región Caribe,47,Magdalena,"47,258",El Piñon
Región Caribe,47,Magdalena,"47,268",El Retén
Región Caribe,47,Magdalena,"47,288",Fundación
Región Caribe,47,Magdalena,"47,318",Guamal
Región Caribe,47,Magdalena,"47,460",Nueva Granada
Región Caribe,47,Magdalena,"47,541",Pedraza
Región Caribe,47,Magdalena,"47,551",Pivijay
Región Caribe,47,Magdalena,"47,555",Plato
Región Caribe,47,Magdalena,"47,605",Remolino
Región Caribe,47,Magdalena,"47,675",Salamina
Región Caribe,47,Magdalena,"47,703",San Zenón
Región Caribe,47,Magdalena,"47,707",Santa Ana
Región Caribe,47,Magdalena,"47,745",Sitionuevo
Región Caribe,47,Magdalena,"47,798",Tenerife
Región Caribe,47,Magdalena,"47,960",Zapayán
Región Caribe,47,Magdalena,"47,980",Zona Bananera
Región Llano,50,Meta,"50,001",Villavicencio
Región Llano,50,Meta,"50,006",Acacias
Región Llano,50,Meta,"50,124",Cabuyaro
Región Llano,50,Meta,"50,223",Cubarral
Región Llano,50,Meta,"50,226",Cumaral
Región Llano,50,Meta,"50,245",El Calvario
Región Llano,50,Meta,"50,251",El Castillo
Región Llano,50,Meta,"50,270",El Dorado
Región Pacífico,76,Valle del Cauca,"76,109",Buenaventura
Región Llano,50,Meta,"50,313",Granada
Región Llano,50,Meta,"50,318",Guamal
Región Llano,50,Meta,"50,325",Mapiripán
Región Llano,50,Meta,"50,330",Mesetas
Región Llano,50,Meta,"50,350",La Macarena
Región Llano,50,Meta,"50,370",Uribe
Región Llano,50,Meta,"50,400",Lejanías
Región Llano,50,Meta,"50,450",Puerto Concordia
Región Llano,50,Meta,"50,568",Puerto Gaitán
Región Llano,50,Meta,"50,573",Puerto López
Región Llano,50,Meta,"50,577",Puerto Lleras
Región Llano,50,Meta,"50,590",Puerto Rico
Región Llano,50,Meta,"50,606",Restrepo
Región Caribe,47,Magdalena,"47,189",Ciénaga
Región Caribe,8,Atlántico,"8,560",Ponedera
Región Llano,50,Meta,"50,686",San Juanito
Región Llano,50,Meta,"50,689",San Martín
Región Llano,50,Meta,"50,711",Vista Hermosa
Región Pacífico,52,Nariño,"52,001",Pasto
Región Pacífico,52,Nariño,"52,019",Albán
Región Pacífico,52,Nariño,"52,022",Aldana
Región Pacífico,52,Nariño,"52,036",Ancuyá
Región Centro Oriente,15,Boyacá,"15,832",Tununguá
Región Pacífico,52,Nariño,"52,079",Barbacoas
Región Centro Oriente,15,Boyacá,"15,476",Motavita
Región Caribe,23,Córdoba,"23,675",San Bernardo del Viento
Región Pacífico,52,Nariño,"52,203",Colón
Región Pacífico,52,Nariño,"52,207",Consaca
Región Pacífico,52,Nariño,"52,210",Contadero
Región Pacífico,52,Nariño,"52,215",Córdoba
Región Pacífico,52,Nariño,"52,224",Cuaspud
Región Pacífico,52,Nariño,"52,227",Cumbal
Región Pacífico,52,Nariño,"52,233",Cumbitara
Región Pacífico,52,Nariño,"52,250",El Charco
Región Pacífico,52,Nariño,"52,254",El Peñol
Región Pacífico,52,Nariño,"52,256",El Rosario
Región Pacífico,27,Chocó,"27,361",Istmina
Región Pacífico,52,Nariño,"52,260",El Tambo
Región Pacífico,52,Nariño,"52,287",Funes
Región Pacífico,52,Nariño,"52,317",Guachucal
Región Pacífico,52,Nariño,"52,320",Guaitarilla
Región Pacífico,52,Nariño,"52,323",Gualmatán
Región Pacífico,52,Nariño,"52,352",Iles
Región Pacífico,52,Nariño,"52,354",Imués
Región Pacífico,52,Nariño,"52,356",Ipiales
Región Pacífico,52,Nariño,"52,378",La Cruz
Región Pacífico,52,Nariño,"52,381",La Florida
Región Pacífico,52,Nariño,"52,385",La Llanada
Región Pacífico,52,Nariño,"52,390",La Tola
Región Pacífico,52,Nariño,"52,399",La Unión
Región Pacífico,52,Nariño,"52,405",Leiva
Región Pacífico,52,Nariño,"52,411",Linares
Región Pacífico,52,Nariño,"52,418",Los Andes
Región Pacífico,52,Nariño,"52,427",Magüí
Región Pacífico,52,Nariño,"52,435",Mallama
Región Pacífico,52,Nariño,"52,473",Mosquera
Región Pacífico,52,Nariño,"52,480",Nariño
Región Pacífico,52,Nariño,"52,490",Olaya Herrera
Región Pacífico,52,Nariño,"52,506",Ospina
Región Pacífico,52,Nariño,"52,520",Francisco Pizarro
Región Pacífico,52,Nariño,"52,540",Policarpa
Región Pacífico,52,Nariño,"52,560",Potosí
Región Pacífico,52,Nariño,"52,565",Providencia
Región Pacífico,52,Nariño,"52,573",Puerres
Región Pacífico,52,Nariño,"52,585",Pupiales
Región Pacífico,52,Nariño,"52,612",Ricaurte
Región Pacífico,52,Nariño,"52,621",Roberto Payán
Región Pacífico,52,Nariño,"52,678",Samaniego
Región Pacífico,52,Nariño,"52,683",Sandoná
Región Pacífico,52,Nariño,"52,685",San Bernardo
Región Pacífico,52,Nariño,"52,687",San Lorenzo
Región Pacífico,52,Nariño,"52,693",San Pablo
Región Eje Cafetero - Antioquia,5,Antioquia,"5,086",Belmira
Región Centro Oriente,15,Boyacá,"15,189",Ciénega
Región Pacífico,52,Nariño,"52,696",Santa Bárbara
Región Pacífico,52,Nariño,"52,720",Sapuyes
Región Pacífico,52,Nariño,"52,786",Taminango
Región Pacífico,52,Nariño,"52,788",Tangua
Región Pacífico,52,Nariño,"52,699",Santacruz
Región Pacífico,52,Nariño,"52,838",Túquerres
Región Pacífico,52,Nariño,"52,885",Yacuanquer
Región Centro Oriente,68,Santander,"68,575",Puerto Wilches
Región Centro Oriente,68,Santander,"68,573",Puerto Parra
Región Eje Cafetero - Antioquia,63,Quindío,"63,001",Armenia
Región Eje Cafetero - Antioquia,63,Quindío,"63,111",Buenavista
Región Eje Cafetero - Antioquia,63,Quindío,"63,190",Circasia
Región Eje Cafetero - Antioquia,63,Quindío,"63,212",Córdoba
Región Eje Cafetero - Antioquia,63,Quindío,"63,272",Filandia
Región Eje Cafetero - Antioquia,63,Quindío,"63,401",La Tebaida
Región Eje Cafetero - Antioquia,63,Quindío,"63,470",Montenegro
Región Eje Cafetero - Antioquia,63,Quindío,"63,548",Pijao
Región Eje Cafetero - Antioquia,63,Quindío,"63,594",Quimbaya
Región Eje Cafetero - Antioquia,63,Quindío,"63,690",Salento
Región Eje Cafetero - Antioquia,66,Risaralda,"66,001",Pereira
Región Eje Cafetero - Antioquia,66,Risaralda,"66,045",Apía
Región Eje Cafetero - Antioquia,66,Risaralda,"66,075",Balboa
Región Eje Cafetero - Antioquia,66,Risaralda,"66,170",Dosquebradas
Región Eje Cafetero - Antioquia,66,Risaralda,"66,318",Guática
Región Eje Cafetero - Antioquia,66,Risaralda,"66,383",La Celia
Región Eje Cafetero - Antioquia,66,Risaralda,"66,400",La Virginia
Región Eje Cafetero - Antioquia,66,Risaralda,"66,440",Marsella
Región Eje Cafetero - Antioquia,66,Risaralda,"66,456",Mistrató
Región Eje Cafetero - Antioquia,66,Risaralda,"66,572",Pueblo Rico
Región Eje Cafetero - Antioquia,66,Risaralda,"66,594",Quinchía
Región Eje Cafetero - Antioquia,66,Risaralda,"66,687",Santuario
Región Centro Oriente,68,Santander,"68,001",Bucaramanga
Región Centro Oriente,68,Santander,"68,013",Aguada
Región Centro Oriente,68,Santander,"68,020",Albania
Región Centro Oriente,68,Santander,"68,051",Aratoca
Región Centro Oriente,68,Santander,"68,077",Barbosa
Región Centro Oriente,68,Santander,"68,079",Barichara
Región Centro Oriente,68,Santander,"68,081",Barrancabermeja
Región Centro Oriente,68,Santander,"68,092",Betulia
Región Centro Oriente,68,Santander,"68,101",Bolívar
Región Centro Oriente,68,Santander,"68,121",Cabrera
Región Centro Oriente,68,Santander,"68,132",California
Región Centro Oriente,68,Santander,"68,152",Carcasí
Región Centro Oriente,68,Santander,"68,160",Cepitá
Región Centro Oriente,68,Santander,"68,162",Cerrito
Región Centro Oriente,68,Santander,"68,167",Charalá
Región Centro Oriente,68,Santander,"68,169",Charta
Región Centro Oriente,68,Santander,"68,179",Chipatá
Región Centro Oriente,68,Santander,"68,190",Cimitarra
Región Centro Oriente,68,Santander,"68,207",Concepción
Región Centro Oriente,68,Santander,"68,209",Confines
Región Centro Oriente,68,Santander,"68,211",Contratación
Región Centro Oriente,68,Santander,"68,217",Coromoro
Región Centro Oriente,68,Santander,"68,229",Curití
Región Centro Oriente,68,Santander,"68,245",El Guacamayo
Región Centro Oriente,68,Santander,"68,255",El Playón
Región Centro Oriente,68,Santander,"68,264",Encino
Región Centro Oriente,68,Santander,"68,266",Enciso
Región Centro Oriente,68,Santander,"68,271",Florián
Región Centro Oriente,68,Santander,"68,276",Floridablanca
Región Centro Oriente,68,Santander,"68,296",Galán
Región Centro Oriente,68,Santander,"68,298",Gambita
Región Centro Oriente,68,Santander,"68,307",Girón
Región Centro Oriente,68,Santander,"68,318",Guaca
Región Centro Oriente,68,Santander,"68,320",Guadalupe
Región Centro Oriente,68,Santander,"68,322",Guapotá
Región Centro Oriente,68,Santander,"68,324",Guavatá
Región Centro Oriente,68,Santander,"68,327",Güepsa
Región Centro Oriente,68,Santander,"68,368",Jesús María
Región Centro Oriente,68,Santander,"68,370",Jordán
Región Centro Oriente,68,Santander,"68,377",La Belleza
Región Centro Oriente,68,Santander,"68,385",Landázuri
Región Centro Oriente,68,Santander,"68,397",La Paz
Región Centro Oriente,68,Santander,"68,406",Lebríja
Región Centro Oriente,68,Santander,"68,418",Los Santos
Región Centro Oriente,68,Santander,"68,425",Macaravita
Región Centro Oriente,68,Santander,"68,432",Málaga
Región Centro Oriente,68,Santander,"68,444",Matanza
Región Centro Oriente,68,Santander,"68,464",Mogotes
Región Centro Oriente,68,Santander,"68,468",Molagavita
Región Centro Oriente,68,Santander,"68,498",Ocamonte
Región Centro Oriente,68,Santander,"68,500",Oiba
Región Centro Oriente,68,Santander,"68,502",Onzaga
Región Centro Oriente,68,Santander,"68,522",Palmar
Región Centro Oriente,68,Santander,"68,533",Páramo
Región Centro Oriente,68,Santander,"68,547",Piedecuesta
Región Centro Oriente,68,Santander,"68,549",Pinchote
Región Centro Oriente,68,Santander,"68,572",Puente Nacional
Región Centro Oriente,68,Santander,"68,615",Rionegro
Región Centro Oriente,68,Santander,"68,669",San Andrés
Región Centro Oriente,68,Santander,"68,679",San Gil
Región Centro Oriente,68,Santander,"68,682",San Joaquín
Región Centro Oriente,68,Santander,"68,686",San Miguel
Región Centro Oriente,68,Santander,"68,705",Santa Bárbara
Región Centro Oriente,68,Santander,"68,745",Simacota
Región Centro Oriente,68,Santander,"68,755",Socorro
Región Centro Oriente,68,Santander,"68,770",Suaita
Región Centro Oriente,68,Santander,"68,773",Sucre
Región Centro Oriente,68,Santander,"68,780",Suratá
Región Centro Oriente,68,Santander,"68,820",Tona
Región Centro Oriente,68,Santander,"68,861",Vélez
Región Centro Oriente,68,Santander,"68,867",Vetas
Región Centro Oriente,68,Santander,"68,872",Villanueva
Región Centro Oriente,68,Santander,"68,895",Zapatoca
Región Caribe,70,Sucre,"70,001",Sincelejo
Región Caribe,70,Sucre,"70,110",Buenavista
Región Caribe,70,Sucre,"70,124",Caimito
Región Caribe,70,Sucre,"70,204",Coloso
Región Caribe,70,Sucre,"70,221",Coveñas
Región Caribe,70,Sucre,"70,230",Chalán
Región Caribe,70,Sucre,"70,233",El Roble
Región Caribe,70,Sucre,"70,235",Galeras
Región Caribe,70,Sucre,"70,265",Guaranda
Región Caribe,70,Sucre,"70,400",La Unión
Región Caribe,70,Sucre,"70,418",Los Palmitos
Región Caribe,70,Sucre,"70,429",Majagual
Región Caribe,70,Sucre,"70,473",Morroa
Región Caribe,70,Sucre,"70,508",Ovejas
Región Caribe,70,Sucre,"70,523",Palmito
Región Caribe,70,Sucre,"70,678",San Benito Abad
Región Caribe,70,Sucre,"70,708",San Marcos
Región Caribe,70,Sucre,"70,713",San Onofre
Región Caribe,70,Sucre,"70,717",San Pedro
Región Caribe,70,Sucre,"70,771",Sucre
Región Caribe,70,Sucre,"70,823",Tolú Viejo
Región Centro Sur,73,Tolima,"73,024",Alpujarra
Región Centro Sur,73,Tolima,"73,026",Alvarado
Región Centro Sur,73,Tolima,"73,030",Ambalema
Región Centro Sur,73,Tolima,"73,055",Armero
Región Centro Sur,73,Tolima,"73,067",Ataco
Región Centro Sur,73,Tolima,"73,124",Cajamarca
Región Centro Sur,73,Tolima,"73,168",Chaparral
Región Centro Sur,73,Tolima,"73,200",Coello
Región Centro Sur,73,Tolima,"73,217",Coyaima
Región Centro Sur,73,Tolima,"73,226",Cunday
Región Centro Sur,73,Tolima,"73,236",Dolores
Región Centro Sur,73,Tolima,"73,268",Espinal
Región Centro Sur,73,Tolima,"73,270",Falan
Región Centro Sur,73,Tolima,"73,275",Flandes
Región Centro Sur,73,Tolima,"73,283",Fresno
Región Centro Sur,73,Tolima,"73,319",Guamo
Región Centro Sur,73,Tolima,"73,347",Herveo
Región Centro Sur,73,Tolima,"73,349",Honda
Región Centro Sur,73,Tolima,"73,352",Icononzo
Región Centro Sur,73,Tolima,"73,443",Mariquita
Región Centro Sur,73,Tolima,"73,449",Melgar
Región Centro Sur,73,Tolima,"73,461",Murillo
Región Centro Sur,73,Tolima,"73,483",Natagaima
Región Centro Sur,73,Tolima,"73,504",Ortega
Región Centro Sur,73,Tolima,"73,520",Palocabildo
Región Centro Sur,73,Tolima,"73,547",Piedras
Región Centro Sur,73,Tolima,"73,555",Planadas
Región Centro Sur,73,Tolima,"73,563",Prado
Región Centro Sur,73,Tolima,"73,585",Purificación
Región Centro Sur,73,Tolima,"73,616",Rio Blanco
Región Centro Sur,73,Tolima,"73,622",Roncesvalles
Región Centro Sur,73,Tolima,"73,624",Rovira
Región Centro Sur,73,Tolima,"73,671",Saldaña
Región Centro Sur,73,Tolima,"73,686",Santa Isabel
Región Centro Sur,73,Tolima,"73,861",Venadillo
Región Centro Sur,73,Tolima,"73,870",Villahermosa
Región Centro Sur,73,Tolima,"73,873",Villarrica
Región Llano,81,Arauca,"81,065",Arauquita
Región Llano,81,Arauca,"81,220",Cravo Norte
Región Llano,81,Arauca,"81,300",Fortul
Región Llano,81,Arauca,"81,591",Puerto Rondón
Región Llano,81,Arauca,"81,736",Saravena
Región Llano,81,Arauca,"81,794",Tame
Región Llano,81,Arauca,"81,001",Arauca
Región Llano,85,Casanare,"85,001",Yopal
Región Llano,85,Casanare,"85,010",Aguazul
Región Llano,85,Casanare,"85,015",Chámeza
Región Llano,85,Casanare,"85,125",Hato Corozal
Región Llano,85,Casanare,"85,136",La Salina
Región Llano,85,Casanare,"85,162",Monterrey
Región Llano,85,Casanare,"85,263",Pore
Región Llano,85,Casanare,"85,279",Recetor
Región Llano,85,Casanare,"85,300",Sabanalarga
Región Llano,85,Casanare,"85,315",Sácama
Región Llano,85,Casanare,"85,410",Tauramena
Región Llano,85,Casanare,"85,430",Trinidad
Región Llano,85,Casanare,"85,440",Villanueva
Región Centro Sur,86,Putumayo,"86,001",Mocoa
Región Centro Sur,86,Putumayo,"86,219",Colón
Región Centro Sur,86,Putumayo,"86,320",Orito
Región Centro Sur,86,Putumayo,"86,569",Puerto Caicedo
Región Centro Sur,86,Putumayo,"86,571",Puerto Guzmán
Región Centro Sur,86,Putumayo,"86,573",Leguízamo
Región Centro Sur,86,Putumayo,"86,749",Sibundoy
Región Centro Sur,86,Putumayo,"86,755",San Francisco
Región Centro Sur,86,Putumayo,"86,757",San Miguel
Región Centro Sur,86,Putumayo,"86,760",Santiago
Región Centro Sur,91,Amazonas,"91,001",Leticia
Región Centro Sur,91,Amazonas,"91,263",El Encanto
Región Centro Sur,91,Amazonas,"91,405",La Chorrera
Región Centro Sur,91,Amazonas,"91,407",La Pedrera
Región Centro Sur,91,Amazonas,"91,430",La Victoria
Región Centro Sur,91,Amazonas,"91,536",Puerto Arica
Región Centro Sur,91,Amazonas,"91,540",Puerto Nariño
Región Centro Sur,91,Amazonas,"91,669",Puerto Santander
Región Centro Sur,91,Amazonas,"91,798",Tarapacá
Región Llano,94,Guainía,"94,001",Inírida
Región Llano,94,Guainía,"94,343",Barranco Minas
Región Llano,94,Guainía,"94,663",Mapiripana
Región Llano,94,Guainía,"94,883",San Felipe
Región Llano,94,Guainía,"94,884",Puerto Colombia
Región Llano,94,Guainía,"94,885",La Guadalupe
Región Llano,94,Guainía,"94,886",Cacahual
Región Llano,94,Guainía,"94,887",Pana Pana
Región Llano,94,Guainía,"94,888",Morichal
Región Llano,97,Vaupés,"97,001",Mitú
Región Llano,97,Vaupés,"97,161",Caruru
Región Llano,97,Vaupés,"97,511",Pacoa
Región Llano,97,Vaupés,"97,666",Taraira
Región Llano,97,Vaupés,"97,777",Papunaua
Región Llano,99,Vichada,"99,001",Puerto Carreño
Región Llano,99,Vichada,"99,524",La Primavera
Región Llano,99,Vichada,"99,624",Santa Rosalía
Región Llano,99,Vichada,"99,773",Cumaribo
Región Centro Sur,18,Caquetá,"18,610",San José del Fragua
Región Llano,50,Meta,"50,110",Barranca de Upía
Región Centro Oriente,68,Santander,"68,524",Palmas del Socorro
Región Centro Oriente,25,Cundinamarca,"25,662",San Juan de Río Seco
Región Caribe,8,Atlántico,"8,372",Juan de Acosta
Región Llano,50,Meta,"50,287",Fuente de Oro
Región Llano,85,Casanare,"85,325",San Luis de Gaceno
Región Pacífico,27,Chocó,"27,250",El Litoral del San Juan
Región Centro Oriente,25,Cundinamarca,"25,843",Villa de San Diego de Ubate
Región Caribe,13,Bolívar,"13,074",Barranco de Loba
Región Centro Oriente,15,Boyacá,"15,816",Togüí
Región Caribe,13,Bolívar,"13,688",Santa Rosa del Sur
Región Pacífico,27,Chocó,"27,135",El Cantón del San Pablo
Región Centro Oriente,15,Boyacá,"15,407",Villa de Leyva
Región Caribe,47,Magdalena,"47,692",San Sebastián de Buenavista
Región Centro Oriente,15,Boyacá,"15,537",Paz de Río
Región Caribe,13,Bolívar,"13,300",Hatillo de Loba
Región Caribe,47,Magdalena,"47,660",Sabanas de San Angel
Región Llano,95,Guaviare,"95,015",Calamar
Región Caribe,20,Cesar,"20,614",Río de Oro
Región Eje Cafetero - Antioquia,5,Antioquia,"5,665",San Pedro de Uraba
Región Llano,95,Guaviare,"95,001",San José del Guaviare
Región Centro Oriente,15,Boyacá,"15,693",Santa Rosa de Viterbo
Región Pacífico,19,Cauca,"19,698",Santander de Quilichao
Región Llano,95,Guaviare,"95,200",Miraflores
Región Eje Cafetero - Antioquia,5,Antioquia,"5,042",Santafé de Antioquia
Región Llano,50,Meta,"50,680",San Carlos de Guaroa
Región Caribe,8,Atlántico,"8,520",Palmar de Varela
Región Eje Cafetero - Antioquia,5,Antioquia,"5,686",Santa Rosa de Osos
Región Eje Cafetero - Antioquia,5,Antioquia,"5,647",San Andrés de Cuerquía
Región Centro Sur,73,Tolima,"73,854",Valle de San Juan
Región Centro Oriente,68,Santander,"68,689",San Vicente de Chucurí
Región Centro Oriente,68,Santander,"68,684",San José de Miranda
Región Caribe,88,"Archipiélago de San Andrés, Providencia y Santa Catalina","88,564",Providencia
Región Eje Cafetero - Antioquia,66,Risaralda,"66,682",Santa Rosa de Cabal
Región Centro Oriente,25,Cundinamarca,"25,328",Guayabal de Siquima
Región Centro Sur,18,Caquetá,"18,094",Belén de Los Andaquies
Región Llano,85,Casanare,"85,250",Paz de Ariporo
Región Centro Oriente,68,Santander,"68,720",Santa Helena del Opón
Región Centro Oriente,15,Boyacá,"15,681",San Pablo de Borbur
Región Caribe,44,La Guajira,"44,420",La Jagua del Pilar
Región Caribe,20,Cesar,"20,400",La Jagua de Ibirico
Región Caribe,70,Sucre,"70,742",San Luis de Sincé
Región Centro Oriente,15,Boyacá,"15,667",San Luis de Gaceno
Región Caribe,13,Bolívar,"13,244",El Carmen de Bolívar
Región Pacífico,27,Chocó,"27,245",El Carmen de Atrato
Región Caribe,70,Sucre,"70,702",San Juan de Betulia
Región Caribe,47,Magdalena,"47,545",Pijiño del Carmen
Región Eje Cafetero - Antioquia,5,Antioquia,"5,873",Vigía del Fuerte
Región Caribe,13,Bolívar,"13,667",San Martín de Loba
Región Caribe,13,Bolívar,"13,030",Altos del Rosario
Región Centro Sur,73,Tolima,"73,148",Carmen de Apicala
Región Centro Oriente,25,Cundinamarca,"25,645",San Antonio del Tequendama
Región Centro Oriente,68,Santander,"68,655",Sabana de Torres
Región Llano,95,Guaviare,"95,025",El Retorno
Región Caribe,23,Córdoba,"23,682",San José de Uré
Región Pacífico,52,Nariño,"52,694",San Pedro de Cartago
Región Caribe,8,Atlántico,"8,137",Campo de La Cruz
Región Llano,50,Meta,"50,683",San Juan de Arama
Región Eje Cafetero - Antioquia,5,Antioquia,"5,658",San José de La Montaña
Región Centro Sur,18,Caquetá,"18,150",Cartagena del Chairá
Región Pacífico,27,Chocó,"27,660",San José del Palmar
Región Centro Oriente,25,Cundinamarca,"25,001",Agua de Dios
Región Caribe,13,Bolívar,"13,655",San Jacinto del Cauca
Región Centro Sur,41,Huila,"41,668",San Agustín
Región Pacífico,52,Nariño,"52,258",El Tablón de Gómez
Región Caribe,88,"Archipiélago de San Andrés, Providencia y Santa Catalina","88,001",San Andrés
Región Centro Oriente,15,Boyacá,"15,664",San José de Pare
Región Centro Sur,86,Putumayo,"86,865",Valle de Guamez
Región Caribe,13,Bolívar,"13,670",San Pablo de Borbur
Región Caribe,70,Sucre,"70,820",Santiago de Tolú
Región Centro Oriente,11,Bogotá D.C.,"11,001",Bogotá D.C.
Región Centro Oriente,25,Cundinamarca,"25,154",Carmen de Carupa
Región Caribe,23,Córdoba,"23,189",Ciénaga de Oro
Región Eje Cafetero - Antioquia,5,Antioquia,"5,659",San Juan de Urabá
Región Caribe,44,La Guajira,"44,650",San Juan del Cesar
Región Centro Oriente,68,Santander,"68,235",El Carmen de Chucurí
Región Eje Cafetero - Antioquia,5,Antioquia,"5,148",El Carmen de Viboral
Región Eje Cafetero - Antioquia,66,Risaralda,"66,088",Belén de Umbría
Región Pacífico,27,Chocó,"27,086",Belén de Bajira
Región Centro Oriente,68,Santander,"68,855",Valle de San José
Región Centro Sur,73,Tolima,"73,678",San Luis
Región Centro Oriente,15,Boyacá,"15,676",San Miguel de Sema
Región Centro Sur,73,Tolima,"73,675",San Antonio
Región Centro Oriente,68,Santander,"68,673",San Benito
Región Centro Oriente,25,Cundinamarca,"25,862",Vergara
Región Caribe,23,Córdoba,"23,678",San Carlos
Región Centro Sur,91,Amazonas,"91,530",Puerto Alegría
Región Centro Oriente,68,Santander,"68,344",Hato
Región Caribe,13,Bolívar,"13,654",San Jacinto
Región Pacífico,19,Cauca,"19,693",San Sebastián
Región Eje Cafetero - Antioquia,5,Antioquia,"5,649",San Carlos
Región Centro Oriente,15,Boyacá,"15,837",Tuta
Región Centro Oriente,54,Norte de Santander,"54,743",Silos
Región Centro Oriente,54,Norte de Santander,"54,125",Cácota
Región Pacífico,76,Valle del Cauca,"76,250",El Dovio
Región Centro Oriente,54,Norte de Santander,"54,820",Toledo
Región Pacífico,76,Valle del Cauca,"76,622",Roldanillo
Región Centro Oriente,54,Norte de Santander,"54,480",Mutiscua
Región Pacífico,76,Valle del Cauca,"76,054",Argelia
Región Centro Oriente,54,Norte de Santander,"54,261",El Zulia
Región Centro Oriente,54,Norte de Santander,"54,660",Salazar
Región Pacífico,76,Valle del Cauca,"76,736",Sevilla
Región Pacífico,76,Valle del Cauca,"76,895",Zarzal
Región Centro Oriente,54,Norte de Santander,"54,223",Cucutilla
Región Pacífico,76,Valle del Cauca,"76,248",El Cerrito
Región Pacífico,76,Valle del Cauca,"76,147",Cartago
Región Pacífico,76,Valle del Cauca,"76,122",Caicedonia
Región Centro Oriente,54,Norte de Santander,"54,553",Puerto Santander
Región Centro Oriente,54,Norte de Santander,"54,313",Gramalote
Región Pacífico,76,Valle del Cauca,"76,246",El Cairo
Región Centro Oriente,54,Norte de Santander,"54,250",El Tarra
Región Pacífico,76,Valle del Cauca,"76,400",La Unión
Región Pacífico,76,Valle del Cauca,"76,606",Restrepo
Región Centro Oriente,54,Norte de Santander,"54,800",Teorama
Región Pacífico,76,Valle del Cauca,"76,233",Dagua
Región Centro Oriente,54,Norte de Santander,"54,051",Arboledas
Región Pacífico,76,Valle del Cauca,"76,318",Guacarí
Región Centro Oriente,54,Norte de Santander,"54,418",Lourdes
Región Pacífico,76,Valle del Cauca,"76,041",Ansermanuevo
Región Centro Oriente,54,Norte de Santander,"54,099",Bochalema
Región Pacífico,76,Valle del Cauca,"76,113",Bugalagrande
Región Centro Oriente,54,Norte de Santander,"54,206",Convención
Región Centro Oriente,54,Norte de Santander,"54,344",Hacarí
Región Pacífico,76,Valle del Cauca,"76,403",La Victoria
Región Centro Oriente,54,Norte de Santander,"54,347",Herrán
Región Pacífico,76,Valle del Cauca,"76,306",Ginebra
Región Pacífico,76,Valle del Cauca,"76,892",Yumbo
Región Pacífico,76,Valle del Cauca,"76,497",Obando
Región Centro Oriente,54,Norte de Santander,"54,810",Tibú
Región Centro Oriente,54,Norte de Santander,"54,673",San Cayetano
Región Centro Oriente,54,Norte de Santander,"54,670",San Calixto
Región Pacífico,76,Valle del Cauca,"76,100",Bolívar
Región Centro Oriente,54,Norte de Santander,"54,398",La Playa
Región Pacífico,76,Valle del Cauca,"76,001",Cali
Región Pacífico,76,Valle del Cauca,"76,670",San Pedro
Región Pacífico,76,Valle del Cauca,"76,111",Guadalajara de Buga
Región Centro Oriente,54,Norte de Santander,"54,172",Chinácota
Región Centro Oriente,54,Norte de Santander,"54,599",Ragonvalia
Región Centro Oriente,54,Norte de Santander,"54,385",La Esperanza
Región Centro Oriente,54,Norte de Santander,"54,874",Villa del Rosario
Región Centro Oriente,54,Norte de Santander,"54,174",Chitagá
Región Pacífico,76,Valle del Cauca,"76,126",Calima
Región Centro Oriente,54,Norte de Santander,"54,720",Sardinata
Región Pacífico,76,Valle del Cauca,"76,036",Andalucía
Región Pacífico,76,Valle del Cauca,"76,563",Pradera
Región Centro Oriente,54,Norte de Santander,"54,003",Abrego
Región Centro Oriente,54,Norte de Santander,"54,405",Los Patios
Región Centro Oriente,54,Norte de Santander,"54,498",Ocaña
Región Centro Oriente,54,Norte de Santander,"54,109",Bucarasica
Región Pacífico,76,Valle del Cauca,"76,890",Yotoco
Región Pacífico,76,Valle del Cauca,"76,520",Palmira
Región Pacífico,76,Valle del Cauca,"76,616",Riofrío
Región Centro Oriente,54,Norte de Santander,"54,680",Santiago
Región Pacífico,76,Valle del Cauca,"76,020",Alcalá
Región Pacífico,76,Valle del Cauca,"76,863",Versalles
Región Centro Oriente,54,Norte de Santander,"54,377",Labateca
Región Centro Oriente,54,Norte de Santander,"54,128",Cachirá
Región Centro Oriente,54,Norte de Santander,"54,871",Villa Caro
Región Centro Oriente,54,Norte de Santander,"54,239",Durania
Región Pacífico,76,Valle del Cauca,"76,243",El Águila
Región Pacífico,76,Valle del Cauca,"76,823",Toro
Región Pacífico,76,Valle del Cauca,"76,130",Candelaria
Región Pacífico,76,Valle del Cauca,"76,377",La Cumbre
Región Pacífico,76,Valle del Cauca,"76,845",Ulloa
Región Pacífico,76,Valle del Cauca,"76,828",Trujillo
Región Pacífico,76,Valle del Cauca,"76,869",Vijes
